obj_ID,alpha,delta,u,g,r,i,z,run_ID,rerun_ID,cam_col,field_ID,spec_obj_ID,class,redshift,plate,MJD,fiber_ID
1.2376543921766408e+18,118.663236264366,39.6424291996807,22.85773,22.18874,21.35562,21.26577,20.93935,2076,301,6,100,1.05352201067784e+19,QSO,1.174289,9357,57807,635
1.237663233913652e+18,358.991829744244,32.7490859208678,22.6256,22.02104,22.06787,22.44037,22.17338,4135,301,3,252,8.727075163643074e+18,STAR,-0.001960059,7751,58081,818
1.237678617431376e+18,30.887222067625,1.18870964120799,18.18911,16.89469,16.42161,16.24627,16.18549,7717,301,1,536,8.255357438959835e+18,STAR,4.085216e-06,7332,56683,943
1.2376664642661908e+18,118.272262991483,66.1810270406864,17.57887,16.55078,16.21527,16.10371,16.09738,4887,301,4,256,3.3091840040700744e+18,STAR,-0.0001649837,2939,54515,597
1.237679323392902e+18,22.848076950098,-4.61196328939292,27.10401,22.65568,21.26362,20.04805,19.61308,7881,301,4,174,7.934489707542764e+18,GALAXY,0.5238518,7047,56572,993
1.237666465340785e+18,123.200526474925,66.8847181573815,19.75471,18.4413,17.90553,17.7269,17.62125,4887,301,6,269,3.699818501813412e+18,STAR,-6.492747e-05,3286,54910,405
1.2376613618354097e+18,203.967582607377,45.9293340627609,23.8611,20.71846,20.03971,19.79435,19.58279,3699,301,4,109,7.597651843100203e+18,STAR,-1.717299e-05,6748,56371,288
1.2376551067684047e+18,189.510984338851,58.7411197772507,21.37376,20.80187,20.84925,21.13449,20.34689,2243,301,1,353,7.696817897528907e+18,QSO,0.7936153,6836,56443,604
1.2376543814451855e+18,151.918090248633,57.3656739870586,21.94298,19.59741,18.11165,17.52896,17.16426,2074,301,2,191,7.977029538432702e+18,GALAXY,0.2933855,7085,56625,104
1.2376677361175764e+18,180.243421414208,23.073938641264,23.11455,21.20709,19.44976,18.62194,18.24635,5183,301,5,320,2.9758675987149885e+18,GALAXY,0.4564902,2643,54208,415
1.2376766723230935e+18,43.8069315288576,-2.88358023626708,22.92552,22.71491,22.44324,20.78204,19.76642,7264,301,2,155,8.807954395843286e+18,GALAXY,0.8659117,7823,56978,143
1.237659163343193e+18,228.553251512263,49.222850124878,25.10019,23.3049,21.41175,20.37682,19.7232,3187,301,5,20,9.492671971961625e+18,GALAXY,0.7407334,8431,57482,763
1.2376675492710323e+18,164.142012283491,22.696757733138,22.8226,20.89811,19.48638,18.57454,17.99821,5140,301,1,84,7.236413069509023e+18,GALAXY,0.5284206,6427,56328,925
1.237663785281192e+18,22.9648494083052,0.876034964444952,25.62939,21.3913,19.98634,18.81294,18.13539,4263,301,6,269,1.2138278960580792e+18,STAR,-1.408066e-05,1078,52643,392
1.2376651269301207e+18,176.268553005359,33.432292927676,21.83964,19.87187,18.8392,18.3688,18.09703,4576,301,1,399,1.1553015766489256e+19,GALAXY,0.1312984,10261,58462,570
1.2376675374647875e+18,136.816717069559,17.0030774236428,26.61082,22.08935,20.25873,19.20076,18.62303,5137,301,3,159,5.963899052575971e+18,GALAXY,0.5628381,5297,55913,26
1.2376674317164874e+18,169.863745026212,27.7983851231628,24.98477,21.998,20.30022,18.3646,17.31518,5112,301,6,392,2.495097611325827e+18,STAR,7.991327e-05,2216,53795,376
1.237667229292692e+18,24.1256712165619,7.71411154678635,23.14042,22.40757,20.6306,19.69073,19.23944,5065,301,5,34,5.126228691731633e+18,GALAXY,0.5221394,4553,55584,23
1.237661966893515e+18,185.745967666872,42.2574568488566,21.15543,20.9155,20.91872,20.78293,20.53747,3840,301,3,179,9.4386897999325e+18,QSO,1.544197,8383,57518,985
1.237665547826627e+18,239.314887282049,15.6514796269616,23.47448,21.23772,20.64201,20.56834,20.45865,4674,301,1,242,4.415897721610984e+18,STAR,0.0001499548,3922,55333,430
1.2376637831290555e+18,12.3329131238948,-0.634485140684111,21.56375,21.4095,21.46501,21.23971,20.86722,4263,301,2,198,8.86212925661409e+18,QSO,1.790955,7871,56902,622
1.2376634588499151e+18,316.496406375878,1.0288688379375,20.25777,18.18473,17.12617,16.6809,16.3639,4187,301,6,59,1.109126073112619e+18,GALAXY,0.1181542,985,52431,417
1.2376529340349156e+18,321.335936043494,-7.98612723080941,20.70336,18.53499,17.43491,16.96153,16.58304,1737,301,2,95,7.205998916670853e+17,GALAXY,0.1165041,640,52200,87
1.2376623072709837e+18,234.757331809695,31.3455531948456,19.12679,17.93776,17.42463,17.14761,17.01897,3919,301,5,199,1.5640207084916838e+18,GALAXY,0.05454778,1389,53135,530
1.2376788552360934e+18,326.985071760989,8.22389430999917,24.58133,23.17917,21.52304,20.12439,19.56942,7772,301,4,92,4.607423028858738e+18,GALAXY,0.6869109,4092,55477,875
1.237670964849345e+18,141.710405631688,14.5396829034081,23.04639,22.00385,20.59193,19.59181,19.10101,5935,301,3,169,5.978617941033507e+18,GALAXY,0.5457475,5310,55983,325
1.2376581926882516e+18,133.114252382744,37.0567311500049,24.75384,22.72868,20.87288,19.57037,19.14761,2961,301,5,137,5.189541331228449e+18,GALAXY,0.6458565,4609,56251,977
1.237662303506858e+18,209.421979332915,51.0530042217113,20.5605,18.67909,17.56956,17.1117,16.74978,3918,301,6,107,1.8803983312266465e+18,GALAXY,0.2100051,1670,54553,529
1.2376654431344394e+18,215.689600276866,27.393531993921,20.26185,18.45844,17.45709,17.03152,16.72991,4649,301,6,206,2.398182534727887e+18,GALAXY,0.1389539,2130,53881,57
1.2376803058592e+18,332.22894249657,23.0526858833019,23.4662,21.76364,20.4713,19.93515,19.58125,8110,301,2,60,8.53335658908381e+18,GALAXY,0.4191355,7579,56954,586
1.2376802650764744e+18,5.7110217439788,-6.37631305853789,22.95377,20.92473,20.98164,20.82944,21.03028,8100,301,6,357,8.050447777640241e+18,QSO,2.52062,7150,56597,958
1.2376619701153956e+18,193.158567443954,6.33704561861856,18.3132,16.73632,15.91756,15.5174,15.21269,3841,301,1,189,2.0176685049158308e+18,GALAXY,0.08059498,1792,54270,203
1.237654391639114e+18,118.060829879163,38.1449840084746,19.75563,18.32907,17.615,17.21822,16.94101,2076,301,5,90,6.114805063656673e+17,GALAXY,0.08529844,543,52017,425
1.2376551298389775e+18,247.761943349511,44.6439124581869,22.63792,21.50914,21.49792,21.615,21.28643,2248,301,4,126,6.789355211192556e+18,STAR,0.0003272693,6030,56097,650
1.2376785986110108e+18,322.630164710833,3.09523643956902,25.3566,23.24891,21.52091,20.44981,19.79461,7712,301,6,80,1.2742938310550508e+19,GALAXY,0.6139265,11318,58419,11
1.237662223541928e+18,216.842674193376,34.3006988347276,20.26575,18.53444,17.45257,16.96719,16.65507,3900,301,1,547,2.0718221879746496e+18,GALAXY,0.1870347,1840,53472,605
1.237658203429208e+18,156.435733543967,45.3892605127124,19.37462,18.1566,17.73855,17.49576,17.30305,2964,301,1,191,1.062855603229059e+18,GALAXY,0.04365304,944,52614,22
1.2376529474586545e+18,15.7075003133625,-9.98771865589592,19.97889,18.1678,17.17006,16.68867,16.34484,1740,301,3,125,7.408526200668426e+17,GALAXY,0.1492853,658,52146,38
1.237661355928781e+18,168.586277351295,45.1971970267965,21.53928,20.87008,19.84504,19.37735,18.94441,3698,301,1,93,7.485129472582374e+18,GALAXY,0.3002947,6648,56383,534
1.237661210974028e+18,225.757592893701,41.6358224438452,22.13413,21.93489,21.64723,21.4378,20.86196,3664,301,3,99,9.595022497662915e+18,QSO,2.060514,8522,58193,376
1.2376651269398858e+18,202.88192305029,32.5098886620712,21.93592,21.0625,20.75845,20.69447,20.88706,4576,301,1,548,1.1548373629470527e+19,STAR,0.0002214283,10257,58526,66
1.237660763235156e+18,150.027069695006,38.1722103047216,16.38018,15.22086,14.72885,14.47028,14.24351,3560,301,1,274,1.4377813742526403e+18,GALAXY,0.02314036,1277,52765,26
1.237655693558154e+18,238.837844288102,-0.594016590631797,23.10458,21.46466,19.52997,18.76498,18.22832,2379,301,6,198,3.862496671317626e+17,GALAXY,0.4400397,343,51692,240
1.2376507945996127e+18,123.854418798427,-1.10653858853696,17.7459,16.22308,15.64555,15.42981,15.31997,1239,301,1,23,2.31604186821692e+18,STAR,9.623459e-05,2057,53816,239
1.237659325482402e+18,220.832615607988,54.3359946970625,20.56944,20.55979,20.63203,20.39541,20.43336,3225,301,3,84,9.456463960603908e+18,QSO,1.783002,8399,57843,111
1.2376619577574031e+18,199.827352263509,50.7689951409391,21.64838,21.63164,21.35252,21.42114,21.55724,3838,301,2,37,9.243725221185475e+18,QSO,1.092309,8210,57426,316
1.237671128056464e+18,181.642195653011,8.7352008743415,23.272,21.59172,21.31921,21.29306,21.3042,5973,301,3,144,6.067736381618412e+18,QSO,2.912449,5389,55953,952
1.237678879414682e+18,10.7514484617186,-3.51521817097694,21.16498,20.67661,19.95852,19.2717,19.11723,7778,301,1,388,7.92657322385633e+18,GALAXY,0.6240489,7040,56574,865
1.2376634588505713e+18,318.064920800728,0.863097254195273,21.20251,21.14745,21.04534,21.28723,23.7511,4187,301,6,69,5.788335630120671e+18,STAR,-3.666267e-05,5141,55746,306
1.237651539784369e+18,175.1610685226,67.8768149003444,23.86678,22.40926,20.51089,19.38559,19.09623,1412,301,5,144,8.010922259941447e+18,GALAXY,0.5514291,7115,56667,525
1.237661361298539e+18,203.903043913507,45.6055410297591,24.52818,22.40487,20.72576,19.80544,19.28533,3699,301,3,109,7.461576009135184e+18,GALAXY,0.5588754,6627,56369,863
1.2376613607569492e+18,188.473018760363,46.7606446313056,21.94129,20.3345,19.80958,19.75478,19.18962,3699,301,2,37,7.506437458659399e+18,STAR,-0.0004198433,6667,56412,228
1.2376621956119923e+18,219.8236999018,37.7025865705471,23.80298,21.88951,20.23275,19.33565,18.91325,3893,301,5,354,5.824363607539079e+18,GALAXY,0.4807224,5173,56046,303
1.237661976547099e+18,184.736042905056,8.25913668230606,24.36703,22.06346,21.65329,21.14335,20.70007,3842,301,5,25,6.075422517551716e+18,QSO,2.155205,5396,55947,242
1.237654383585723e+18,129.257649722919,48.7198035291025,24.22567,21.36718,21.17308,21.1565,20.91254,2074,301,6,85,8.240714697537772e+18,QSO,2.62579,7319,56962,921
1.2376737066507968e+18,111.513793575808,41.5340735483588,21.71465,21.23442,21.05691,20.65995,20.45895,6573,301,6,195,1.199775859418152e+19,QSO,1.814561,10656,58163,615
1.2376648370041004e+18,135.56405703969,27.1289709484906,23.07628,22.42915,20.80918,19.81439,19.2324,4508,301,5,159,6.50792669181774e+18,GALAXY,0.649949,5780,56274,819
1.2376602419258982e+18,53.6155324109657,0.851356375166726,24.18734,23.25383,21.41646,20.29076,19.66437,3438,301,6,158,1.70811335320695e+18,STAR,0.0001038341,1517,52934,448
1.2376582034480832e+18,218.550013472858,43.7586028088774,24.21287,23.72714,21.77643,20.77461,19.92881,2964,301,1,479,9.56570979197389e+18,GALAXY,0.6394413,8496,58159,233
1.237653665249494e+18,128.67013862043,1.66857038717735,24.70283,22.33459,20.53897,19.52479,19.12702,1907,301,4,40,5.397644237616732e+18,GALAXY,0.5137759,4794,55647,291
1.237659324415148e+18,238.397633182782,44.7028086158553,23.75955,24.4128,19.81792,18.59367,18.25496,3225,301,1,183,6.792671062914258e+18,GALAXY,0.62119,6033,56069,425
1.2376802672031836e+18,330.870076798717,16.1115498584741,22.8712,22.4312,20.4922,19.34169,18.90474,8101,301,2,40,5.698453579213593e+18,GALAXY,0.5547135,5061,55806,997
1.2376534376189135e+18,347.653816305606,-9.32550123652533,18.57592,17.27612,16.67132,16.31675,16.12581,1854,301,4,81,8.175353111091876e+17,GALAXY,0.06452455,726,52226,480
1.2376611379636472e+18,164.146662315363,40.4012293670388,19.33474,18.42618,18.0786,17.98181,17.9428,3647,301,3,161,5.207448791847033e+18,STAR,-0.0005190916,4625,55632,588
1.2376575913952543e+18,177.363722647813,55.4655712860707,18.58841,18.24559,18.34749,18.22237,18.26967,2821,301,5,174,7.700150516970707e+18,QSO,0.5286271,6839,56425,440
1.2376737103974239e+18,121.64360224917,-7.52513575944523,18.33377,15.97713,14.9156,14.52762,14.28635,6574,301,5,20,3.159371694984948e+18,STAR,2.29488e-05,2806,54425,351
1.237668504370873e+18,256.033877243681,46.6125096641643,22.18471,21.27158,19.47829,18.80773,18.47781,5362,301,4,183,6.783765019215813e+18,GALAXY,0.3842518,6025,56098,793
1.2376795043283604e+18,22.9670111488365,19.5702040678159,22.12119,22.56431,21.35474,20.74269,20.69789,7923,301,5,326,8.157399748229487e+18,GALAXY,0.6503434,7245,56636,927
1.237657776616178e+18,132.941561883175,40.289835593307,21.9209,21.65171,21.21861,20.99364,21.37159,2864,301,6,181,9.940765015996127e+18,QSO,1.486887,8829,57446,708
1.2376613559281912e+18,166.714572493195,44.8483895028817,24.04502,21.71964,21.53829,21.53296,21.48734,3698,301,1,84,5.275034122758412e+18,STAR,-0.0007118349,4685,55657,702
1.237679477466006e+18,349.387068008833,21.63116724556,23.05693,21.73839,21.62845,21.56287,20.94722,7917,301,3,39,6.894082596239858e+18,STAR,-0.0003421121,6123,56217,718
1.237665096853488e+18,144.36940664964,26.9423141222672,22.58656,21.29271,20.23975,19.50241,19.17643,4569,301,1,218,6.5202703587882e+18,GALAXY,0.4675485,5791,56255,669
1.2376551260780628e+18,173.167814158664,5.34332601587719,18.143,16.79607,16.31919,16.05782,15.79279,2247,301,5,83,9.425104826259475e+17,GALAXY,0.02813233,837,52642,481
1.2376582979207823e+18,152.514550814997,5.22008472104223,20.6255,18.59443,17.40494,16.94058,16.57982,2986,301,1,226,6.452965414011146e+17,GALAXY,0.1764861,573,52325,567
1.2376551083597504e+18,124.198189316588,40.3797286608238,23.22474,22.20336,20.29641,19.42108,18.80991,2243,301,4,59,4.285258425808738e+18,GALAXY,0.5820473,3806,55505,303
1.2376593249525432e+18,239.964128775556,44.2380836465775,19.33085,18.17414,17.54148,17.16734,16.94054,3225,301,2,191,1.3162127714146324e+18,GALAXY,0.1490916,1169,52753,130
1.2376646695050944e+18,144.746314983122,33.4965247528891,25.33992,23.05612,21.5497,20.41636,19.47162,4469,301,5,231,1.1515862989699e+19,GALAXY,0.9226736,10228,58223,577
1.237660751408071e+18,65.4972701617761,25.821581031156,18.67189,17.08065,16.37655,16.03237,15.86048,3557,301,3,31,1.4120525307576586e+18,STAR,6.254522e-05,1254,52972,633
1.23766143377028e+18,180.920370135642,46.8295219770447,22.46373,23.08794,20.929,19.7951,19.40746,3716,301,2,20,7.47726329151936e+18,GALAXY,0.6327272,6641,56383,589
1.2376576279049677e+18,141.038191399584,41.8544837975008,23.90051,22.08437,20.37431,19.24711,18.863,2830,301,1,212,5.223095672178498e+18,GALAXY,0.5975002,4639,55944,167
1.2376677822709765e+18,121.782244406355,10.1500391791469,20.42136,18.44664,17.44026,17.04139,16.68105,5194,301,3,53,2.7237080747443753e+18,GALAXY,0.1071668,2419,54139,568
1.237679318015149e+18,359.015412743825,9.44206673751568,23.99364,23.16586,21.11168,19.97956,19.43178,7880,301,2,36,6.926759806050261e+18,GALAXY,0.6878561,6152,56164,813
1.2376727944960407e+18,0.622729437150213,-4.52443792156933,18.94123,17.87309,17.82876,17.85077,17.88336,6361,301,3,26,2.954479901417171e+18,STAR,-0.0009159714,2624,54380,431
1.2376786195629348e+18,354.529070039354,3.05108618525859,22.98065,22.64277,21.12657,20.03155,19.423,7717,301,5,293,4.820092772949449e+18,GALAXY,0.5626697,4281,55836,419
1.2376709600138363e+18,39.4050359025198,26.4483429157152,17.87541,16.53968,16.00409,15.80071,15.70522,5934,301,2,113,3.5556175498844324e+18,STAR,-0.0001744785,3158,54794,93
1.2376623367955423e+18,247.237896515364,27.0583811254277,23.7373,22.10182,20.73888,19.80369,19.42845,3926,301,4,148,5.636527983147899e+18,GALAXY,0.5561308,5006,55706,993
1.237660961862845e+18,131.535209281556,30.5098796820743,22.50198,21.94791,21.73915,21.76485,21.68248,3606,301,3,52,5.837860386507086e+18,QSO,1.333379,5185,55978,252
1.2376785980901947e+18,359.278531573905,3.30006280938604,19.65909,19.22323,19.01028,18.96184,18.95231,7712,301,5,325,4.815557007070484e+18,STAR,0.0001636695,4277,55506,302
1.2376613618442573e+18,229.250728238701,38.1210659001044,23.56842,23.07299,21.67043,20.85718,20.10711,3699,301,4,244,1.2095744047781796e+19,STAR,-0.000484957,10743,58222,732
1.2376709616233352e+18,36.9211481286242,24.8546601704941,21.19644,19.80662,19.14374,18.84943,18.63583,5934,301,5,96,2.7011133793800294e+18,STAR,-0.0002114323,2399,53764,289
1.2376619491720563e+18,164.604811398809,11.3163232294086,22.40565,21.88489,20.07863,19.38083,18.84362,3836,301,2,107,6.030561893919513e+18,GALAXY,0.4257834,5356,55979,880
1.2376543814441367e+18,148.122143635143,56.1026399793558,20.40975,18.54134,17.52931,17.11638,16.82512,2074,301,2,175,6.271515746778747e+17,GALAXY,0.1168682,557,52253,92
1.2376654415377864e+18,247.188453836065,14.6366420401549,23.67735,21.01983,19.19077,18.58339,18.17727,4649,301,3,419,4.5666979407863706e+18,GALAXY,0.3484297,4056,55357,174
1.2376786174353736e+18,40.0834689058743,0.92248870789831,18.03083,16.91169,16.53751,16.37685,16.35486,7717,301,1,597,7.950296820251628e+17,STAR,-2.558464e-05,706,52199,525
1.2376788584628884e+18,339.671192424362,10.7175661911186,26.00846,21.02067,20.24514,19.96051,19.74838,7773,301,2,177,5.684715736163177e+18,STAR,-0.0007042944,5049,56103,171
1.2376682718977065e+18,200.586416134711,19.250124297016,20.79122,20.3756,20.41488,20.36405,20.12657,5308,301,3,60,6.605916263570232e+18,QSO,1.664633,5867,56034,951
1.237654950522258e+18,235.355494617163,58.4340533876564,25.87587,21.84481,20.14282,19.31918,18.92586,2206,301,6,98,7.639358794989065e+18,GALAXY,0.4649547,6785,56487,465
1.2376540314039096e+18,175.233719235907,3.57028508004458,22.74918,21.99659,20.33183,19.4289,19.05875,1992,301,6,169,5.36612673730985e+18,GALAXY,0.0,4766,55677,319
1.2376648692181235e+18,154.6400279708,29.5835773421922,19.22696,18.09897,17.46899,17.08818,16.86716,4516,301,1,186,2.647111690784631e+18,GALAXY,0.1427651,2351,53786,440
1.2376672072847204e+18,90.6902170871667,64.2700720434331,21.91217,20.87049,20.59112,20.61045,20.38256,5060,301,4,91,2.590816144445172e+18,QSO,2.793459,2301,53712,438
1.2376802988802053e+18,331.829963416268,19.5995156251219,19.75799,18.7876,18.42341,18.2929,18.26359,8108,301,5,65,5.653185861820635e+18,STAR,-0.0005802176,5021,55863,154
1.237667782270256e+18,120.22495066299,9.7735456698322,21.72903,19.55395,18.09655,17.51649,17.10026,5194,301,3,42,6.185865710272797e+18,GALAXY,0.3179493,5494,55857,624
1.237661958837372e+18,220.808752980974,46.7136750220893,23.484,23.01471,22.03242,20.59789,19.90975,3838,301,4,132,9.56026060108912e+18,GALAXY,0.6893142,8491,57488,889
1.2376551244814093e+18,205.159269947404,4.01872778353941,21.26742,19.14106,17.82298,17.31259,16.94978,2247,301,2,296,5.38862082063259e+18,GALAXY,0.2011935,4786,55651,232
1.2376515392471043e+18,172.903670121616,67.4179867862405,20.13968,18.22083,17.29896,16.87836,16.55281,1412,301,4,138,5.54040093745113e+17,GALAXY,0.1310138,492,51955,354
1.2376682928358687e+18,168.605676470831,18.458304032758,19.79025,18.71635,18.25089,18.06625,17.98814,5313,301,2,63,3.233640133840365e+18,STAR,0.0005161044,2872,54533,202
1.2376517540222083e+18,207.212544890432,2.37811175859192,22.47952,21.74716,20.70809,19.37348,18.4137,1462,301,4,546,4.5477558342231214e+18,STAR,-0.0001344669,4039,55648,895
1.2376611379626644e+18,161.266081608342,39.9282142955818,25.00687,22.54625,20.67524,19.63615,19.22067,3647,301,3,146,5.216297936103953e+18,GALAXY,0.5582796,4633,55620,13
1.2376789207523658e+18,25.4447300621565,12.6369520707662,20.38313,20.06664,19.66685,19.63856,19.76587,7787,301,6,367,1.2453808259160363e+19,QSO,1.047015,11061,58428,834
1.237667253993473e+18,130.09979220888,18.1944279774398,24.85852,22.84706,21.93347,20.90133,20.31981,5071,301,3,106,1.0762749744461928e+19,GALAXY,0.7973276,9559,57805,991
1.2376619577610732e+18,212.280176915922,48.3292985706164,20.23708,20.00112,19.76571,19.89839,19.73598,3838,301,2,93,7.595390147933526e+18,QSO,1.034363,6746,56386,252
1.2376634577767631e+18,317.927530342512,0.134237583118442,21.03634,19.05907,18.1729,17.77765,17.5193,4187,301,4,68,1.7148541841692692e+18,GALAXY,0.1482916,1523,52937,395
1.2376503715475622e+18,161.487753917545,-1.53411164874499,21.7081,20.70526,20.48518,20.48271,20.31286,1140,301,5,57,4.262834162011232e+18,STAR,0.0006234522,3786,55563,644
1.2376582034240307e+18,142.095847259876,39.9543405764368,24.73126,21.74218,20.10736,19.31717,18.84893,2964,301,1,112,5.224258955195472e+18,GALAXY,0.4996584,4640,55927,303
1.2376671434026524e+18,136.84387391494,23.7133804621614,24.99221,23.97187,21.43897,20.34806,19.22301,5045,301,5,176,1.3145123722817198e+19,GALAXY,0.6232742,11675,58523,881
1.2376545999569556e+18,159.625741941128,3.35035489832405,22.74736,21.1601,20.53081,20.31132,20.13984,2125,301,1,272,5.687499161306665e+17,STAR,0.0004812198,505,52317,620
1.237663784742617e+18,19.1300335105054,0.447155965483876,21.66061,19.21177,17.57817,16.41327,15.92912,4263,301,5,243,1.6889554759592448e+18,STAR,-1.018069e-05,1500,53730,384
1.237660958639916e+18,114.054524301159,19.1311373514824,24.78835,21.69592,20.14679,19.06602,18.6269,3605,301,5,26,5.053194731150136e+18,GALAXY,0.5670221,4488,55571,567
1.2376663381139784e+18,13.7873331391811,-1.04647244135417,16.99386,15.08742,14.20821,13.82009,13.51824,4858,301,1,446,4.436095431931597e+17,GALAXY,0.04571029,394,51913,18
1.2376648740401984e+18,118.21690165959,16.1205655695883,25.55319,22.6025,20.59712,19.64242,19.13892,4517,301,2,37,2.162891709845891e+18,QSO,1.341316,1921,53317,138
1.2376625295270879e+18,209.071377600504,13.4127450123495,23.88818,21.39876,19.85547,18.98506,18.60199,3971,301,3,70,6.134072393029933e+18,GALAXY,0.583395,5448,56013,617
1.2376582045112077e+18,183.904460914069,49.900461839435,22.01682,21.70988,21.30397,21.27053,20.76502,2964,301,3,317,9.261752264028346e+18,QSO,1.05109,8226,57423,362
1.2376637847421588e+18,18.0705288559783,0.539741390672621,22.75801,22.09018,21.91592,21.74117,22.10687,4263,301,5,236,4.75934502443682e+18,QSO,1.615613,4227,55481,604
1.2376613865306196e+18,211.303812486814,53.9346384874754,23.18037,22.44024,20.93893,19.05009,17.95055,3705,301,2,96,1.4919048340795822e+18,STAR,-0.0001732353,1325,52762,318
1.2376805045063524e+18,342.019988233479,33.0970839711326,21.28107,20.41868,20.31857,20.33414,19.92003,8156,301,4,135,8.040242934808073e+18,QSO,2.33126,7141,56565,697
1.237678661432377e+18,19.2183543295538,4.44368608270005,18.1406,18.02585,17.8477,17.96619,18.06707,7727,301,3,194,9.863092769622612e+18,QSO,1.067015,8760,57672,762
1.2376664079224676e+18,38.6719659188672,-0.0702071400661266,25.40072,22.76635,23.20296,22.62395,22.63643,4874,301,3,679,8.259760707698185e+18,GALAXY,0.0,7336,56656,578
1.23766195990705e+18,208.181234100539,51.1053787678663,25.20814,22.26106,20.50495,19.33519,18.88517,3838,301,6,70,7.589834040934685e+18,GALAXY,0.63663,6741,56394,519
1.237651496297497e+18,124.942402855895,50.9367591627111,25.85652,22.75097,21.14702,20.18319,19.46231,1402,301,4,139,8.229423263362865e+18,GALAXY,0.5229195,7309,56991,803
1.2376709648520315e+18,147.984246773525,15.8522991989706,20.58986,18.93155,17.59708,17.07332,16.68393,5935,301,3,210,2.9082462573214044e+18,GALAXY,0.1954354,2583,54095,170
1.237657627915321e+18,173.03917642769,50.7612552696554,24.25784,21.65338,19.89625,19.10715,18.71633,2830,301,1,370,7.533422497678776e+18,GALAXY,0.4675791,6691,56413,95
1.2376803316331983e+18,342.16654713051,27.2890977346284,24.27582,23.5023,21.91557,20.6202,19.73923,8116,301,2,124,8.620078651021744e+18,STAR,-0.0002700159,7656,57338,687
1.2376805050379814e+18,328.48768385479,30.0913890433433,23.46121,21.52236,19.64858,18.89238,18.42113,8156,301,5,55,6.717260508704299e+18,GALAXY,0.4052324,5966,56101,515
1.237652946384847e+18,15.4550817688384,-10.8372715265513,20.76206,19.71608,19.6169,19.56451,19.58729,1740,301,1,124,3.5005053548301926e+18,STAR,-0.0005240503,3109,54833,300
1.237678598624248e+18,352.880102825265,3.55460344894083,21.44423,21.33548,20.97581,20.56003,20.59653,7712,301,6,282,1.2705959260322e+19,QSO,1.452861,11285,58402,650
1.2376623373305126e+18,243.77804405303,30.1447826687821,22.75363,21.66493,21.56114,21.4671,20.91239,3926,301,5,119,5.639904858251483e+18,STAR,-0.0007403066,5009,55707,990
1.2376637890286067e+18,117.219572560832,51.6565862365492,22.83478,20.87079,18.99683,18.13972,17.74809,4264,301,5,106,2.1044086865322575e+18,GALAXY,0.4565641,1869,53327,370
1.2376700172630095e+18,23.3700972642958,8.37307346805389,19.65831,19.44047,19.28055,19.1345,19.11771,5714,301,6,29,1.2463804469526944e+19,QSO,1.435253,11070,58452,336
1.2376634792586122e+18,332.929194232858,0.0622716306343332,20.37711,19.41201,19.07432,18.97925,18.92974,4192,301,4,175,3.542212028888359e+18,STAR,0.0002278217,3146,54773,476
1.2376613537768407e+18,167.290518451478,56.6877893015797,21.36045,20.90425,20.91023,20.89467,20.5591,3697,301,5,25,7.99524624765212e+18,QSO,2.428957,7101,56659,840
1.2376737061117624e+18,105.404390038824,39.5165433514883,20.03037,18.51312,17.91551,17.66496,17.5659,6573,301,5,162,3.307990484382673e+18,STAR,-0.0001074257,2938,54526,351
1.2376719392639557e+18,240.698006569789,60.9651189274966,22.44165,22.08775,20.45077,19.45516,19.03995,6162,301,2,76,7.654078506872363e+18,GALAXY,0.53121,6798,56485,767
1.2376593249595566e+18,253.228786765232,31.9582797506865,23.74329,21.45767,19.64575,18.89204,18.6257,3225,301,2,298,5.620628770417564e+18,QSO,6.436254,4992,55723,496
1.237660961863762e+18,133.478406970696,31.8775122521419,23.73998,22.86137,22.5308,21.69795,22.60199,3606,301,3,66,1.1747800568139373e+19,GALAXY,0.9508104,10434,58140,585
1.2376613629140675e+18,219.413421085725,43.0732191725737,22.85739,22.57316,21.86714,20.46482,19.70925,3699,301,6,184,9.567036352786354e+18,GALAXY,0.0,8497,58161,963
1.2376517357687283e+18,206.935800429205,1.7199174260826,22.32398,21.38867,21.43375,21.38412,21.17345,1458,301,2,548,4.547563144810354e+18,QSO,2.408968,4039,55648,194
1.2376697611787323e+18,318.054445284073,4.01888494827323,23.45135,23.05718,21.27308,20.2211,19.54674,5655,301,1,77,1.2739708494858705e+19,GALAXY,0.5986559,11315,58402,549
1.2376650265173036e+18,189.576958751927,35.9816849041437,22.2178,21.11132,19.22153,18.47072,18.02328,4552,301,6,125,2.2766543382375567e+18,GALAXY,0.428496,2022,53827,308
1.2376551260761623e+18,168.772981599272,5.30934147444358,21.09293,18.78769,17.41526,16.85062,16.50056,2247,301,5,54,9.402633504350802e+17,GALAXY,0.2189366,835,52326,498
1.2376623019004398e+18,222.067615825523,46.0973535524061,21.06952,20.72522,20.64952,20.94172,21.08137,3918,301,3,171,9.557881532720634e+18,QSO,1.55263,8489,57483,426
1.2376607632217871e+18,120.085213639279,21.5623316527114,19.70242,18.44586,17.7684,17.42302,17.16891,3560,301,1,70,1.7824461117980938e+18,GALAXY,0.1489073,1583,52941,533
1.2376636553420475e+18,109.521576578942,38.6713155334529,19.54312,17.59217,16.7408,16.40775,16.22847,4233,301,4,19,3.608566457371304e+18,STAR,-5.635457e-05,3205,54848,208
1.2376634792558607e+18,326.70580637641,0.195045077382599,23.38391,22.97068,22.27519,21.24419,20.8054,4192,301,4,133,1.03932915759755e+19,GALAXY,0.9304429,9231,58017,398
1.2376803337911672e+18,9.36926763870599,30.906168189059,21.7879,20.88168,20.16316,19.44708,18.91866,8116,301,6,284,7.347644067428456e+18,GALAXY,0.666055,6526,56543,77
1.2376575897778918e+18,153.271519021725,50.0287422017312,24.34118,21.6397,20.09064,19.01249,18.59968,2821,301,2,71,7.499858255184942e+18,GALAXY,0.5289288,6661,56366,869
1.2376555045687137e+18,252.862720739868,41.2020358657045,20.00668,18.82076,18.45069,18.292,18.2527,2335,301,6,32,3.705386429183009e+18,STAR,-5.576538e-05,3291,54939,181
1.2376675374750103e+18,161.058193877075,22.7262954008784,15.76259,14.88128,14.49331,14.32901,14.15422,5137,301,3,315,7.235258307522614e+18,GALAXY,0.01959509,6426,56334,820
1.237678859545543e+18,0.469910678350686,12.7172865633923,20.23305,18.05852,16.76784,16.22682,15.84874,7773,301,4,313,6.925684210494888e+18,GALAXY,0.1694358,6151,56265,996
1.2376650259828575e+18,196.378620121734,35.2871595071082,20.16461,19.87435,19.60931,19.55865,19.46078,4552,301,5,162,1.1541857642764065e+19,QSO,0.9706369,10251,58173,937
1.2376627013339054e+18,257.356045625981,39.2547920866634,25.78763,22.66765,20.34498,19.39927,18.92813,4011,301,3,194,5.611592710727424e+18,GALAXY,0.3675069,4984,55827,391
1.237667537465836e+18,139.273549328975,17.7114223815292,22.85812,22.50843,22.04345,22.02438,21.09502,5137,301,3,175,1.075697263552524e+19,GALAXY,0.9324397,9554,57807,454
1.2376802774034025e+18,349.758805840578,27.3023200888117,24.04553,20.54154,19.79866,19.56763,19.492,8103,301,5,35,7.0808022163624e+18,STAR,-7.698563e-05,6289,56559,64
1.2376623378638449e+18,236.479509231856,35.3130326824325,22.33284,21.56957,21.23391,20.96498,20.79039,3926,301,6,65,1.2092226984979225e+19,QSO,1.29274,10740,58223,225
1.2376583043541235e+18,165.617085173269,59.280659601322,24.63466,23.75071,21.82231,21.73886,22.38972,2987,301,5,87,9.2145639737936e+18,STAR,-0.0001123925,8184,57426,724
1.2376583000700355e+18,156.372947977497,7.17736353662962,19.35201,17.76977,16.91543,16.42807,16.0999,2986,301,5,253,1.1238056582069882e+18,GALAXY,0.08584154,998,52750,573
1.2376613817035e+18,159.043259886024,38.2129437484263,22.16104,20.46618,18.85264,18.24081,17.89738,3704,301,1,168,5.217558251407956e+18,GALAXY,0.3572398,4634,55626,502
1.237662337335362e+18,253.15523215512,22.8637350419142,21.05033,19.93135,19.49095,19.31393,19.27954,3926,301,5,193,2.46690532241391e+18,STAR,-0.0003146576,2191,54621,213
1.2376517373882534e+18,227.292897608639,2.68494116233159,22.36829,20.05565,18.47987,17.9405,17.56013,1458,301,5,684,4.51843543220436e+18,GALAXY,0.3090529,4013,55629,724
1.2376546004874696e+18,144.996992485282,3.15093803009645,22.37224,20.96563,19.60875,18.71595,18.42382,2125,301,2,175,5.332436050995599e+18,GALAXY,0.4718348,4736,55631,633
1.23766630001823e+18,49.2306265362169,-0.547615536245182,27.15133,22.1913,20.37882,19.34112,18.79153,4849,301,2,783,1.7621081713646244e+18,GALAXY,0.5398331,1565,53002,272
1.237662336262341e+18,253.737238012012,21.0626876993606,25.25821,23.6987,21.30559,19.91954,19.30046,3926,301,3,204,4.704109686311639e+18,GALAXY,0.6195417,4178,55653,363
1.2376637890253952e+18,112.406161193523,45.07120090715,21.82564,19.55951,18.0675,17.48544,17.11671,4264,301,5,57,6.690247433983908e+18,GALAXY,0.2168917,5942,56210,546
1.237679255209116e+18,36.186328928135,-3.64302334174616,25.89141,21.37268,20.55552,19.83288,19.13343,7865,301,5,156,1.0492426018673154e+19,GALAXY,0.8004974,9319,58043,599
1.237663239272203e+18,41.8550920519489,0.500356639108128,22.82319,22.22885,22.35882,22.04231,22.40268,4136,301,5,97,8.260992985858333e+18,QSO,1.642061,7337,56686,965
1.237662195599737e+18,183.371505175255,43.211577142168,22.61895,20.912,20.51975,20.49939,20.70305,3893,301,5,167,7.473739906290048e+18,QSO,2.986763,6638,56370,59
1.23766197118088e+18,174.230279798915,6.97872751483016,21.97966,19.89003,18.37572,17.76329,17.36109,3841,301,3,63,5.367392554584398e+18,GALAXY,0.262392,4767,55946,828
1.2376619593708997e+18,210.431946421758,50.1440802664576,19.86881,19.66616,19.61041,19.57768,19.3704,3838,301,5,81,9.497104103417076e+18,QSO,2.109014,8435,57487,503
1.2376650259816123e+18,192.823485181243,35.4229902095979,25.52599,22.07403,20.54566,19.49713,19.08507,4552,301,5,143,4.4744783265312497e+18,GALAXY,0.5250449,3974,55320,553
1.237657627917812e+18,182.066421679344,51.3904687026192,18.82023,17.39589,16.7415,16.38002,16.12281,2830,301,1,408,9.930470561321062e+17,GALAXY,0.03312341,882,52370,12
1.2376570700927473e+18,44.2222934457311,-0.430426747006276,21.63795,21.41954,20.17368,19.1758,18.88689,2700,301,2,161,4.776118349112564e+18,GALAXY,0.5442697,4242,55476,185
1.2376576300636575e+18,175.768601696385,52.6703506317303,23.27272,21.99151,20.97996,20.10389,19.60611,2830,301,5,383,7.532506329665263e+18,GALAXY,0.6140077,6690,56416,858
1.2376517373872704e+18,224.985981575218,2.69376815418738,19.82665,18.72574,18.24996,17.98155,17.74792,1458,301,5,669,6.069593145522524e+17,GALAXY,0.08368304,539,52017,361
1.2376529485267604e+18,2.59675635085527,-9.21881291721356,22.24354,21.21929,19.5344,18.79419,18.37779,1740,301,5,39,8.07175301497175e+18,GALAXY,0.4282422,7169,56628,642
1.237663783134888e+18,25.6182771053912,-0.734815002664269,21.07418,20.76026,20.72256,20.46741,20.32962,4263,301,2,287,8.830523245117855e+18,QSO,1.620681,7843,56902,328
1.2376802419908938e+18,8.2768405505977,-7.8502799709463,21.53142,20.96466,20.70732,21.00818,20.13729,8095,301,3,355,8.052508263487659e+18,QSO,0.9613957,7152,56660,262
1.2376602397780877e+18,52.9261798983339,-0.656433733082643,22.78889,21.42467,19.81201,18.97208,18.45541,3438,301,2,153,1.7068720045624136e+18,STAR,0.0001238926,1516,52933,28
1.2376499629946967e+18,56.1127916188649,-5.92902898463663,21.42012,20.43807,19.26685,18.73653,18.22856,1045,301,4,147,1.839812037471922e+18,GALAXY,0.2964927,1634,53299,333
1.2376683368574492e+18,233.653486505144,17.1298699148307,23.75579,22.1678,21.4598,20.39454,19.54855,5323,301,4,35,4.4338601681121674e+18,GALAXY,0.7211892,3938,55328,241
1.2376613623747054e+18,211.853935581875,44.7688728226977,21.39275,20.51975,20.40474,20.33077,20.08719,3699,301,5,146,9.57027467717747e+18,QSO,2.624118,8500,57432,456
1.237658424628216e+18,161.415723550872,7.56443896012481,21.01549,18.40352,19.92929,16.70409,16.38097,3015,301,5,316,1.1260701006092308e+18,STAR,0.0001282357,1000,52643,619
1.237651736854332e+18,234.047759321265,1.86023872619351,26.60237,21.72163,20.2975,19.31083,19.12194,1458,301,4,729,4.564482149995272e+18,GALAXY,0.4553595,4054,55358,305
1.237661356461e+18,154.414667378593,42.5270104492025,25.84566,24.04294,21.4506,20.03534,19.79292,3698,301,2,22,5.135249085629225e+18,GALAXY,0.5790946,4561,55614,71
1.237661357544244e+18,184.565502764912,47.5536160814972,23.22344,22.04642,20.72798,19.6892,19.25424,3698,301,4,167,7.510972668843415e+18,GALAXY,0.5954217,6671,56388,343
1.2376637879586e+18,126.132430239357,58.6166378017587,21.9332,21.71128,21.43136,21.34388,21.34842,4264,301,3,163,9.197635062182728e+18,QSO,2.04264,8169,57071,577
1.2376709659214484e+18,137.81148905482,14.3735677158451,24.41601,21.88259,20.80777,19.95814,19.4159,5935,301,5,144,5.96730616539017e+18,GALAXY,0.2904431,5300,55982,133
1.237657627919516e+18,188.302986770104,51.3107329275885,21.938,19.46559,18.00318,17.48853,17.13322,2830,301,1,434,7.51437428341161e+18,GALAXY,0.2500877,6674,56416,430
1.2376633074559882e+18,1.28353773056904,26.9232234839921,22.17171,21.69438,21.47968,21.35147,20.93372,4152,301,4,115,8.663861759097199e+18,QSO,2.375356,7695,57654,225
1.2376803058639188e+18,343.849226695657,25.3472558584768,22.67751,24.06153,22.13861,20.92139,20.1441,8110,301,2,132,8.622320554794571e+18,GALAXY,0.5875528,7658,57312,651
1.23766773610401e+18,147.42020776665,18.8511224419173,20.29943,19.96657,19.86737,19.8429,19.6201,5183,301,5,113,6.510086957254859e+18,QSO,2.153105,5782,56272,486
1.2376621945297308e+18,194.823071986528,42.0155700914832,20.95838,20.9102,20.89482,20.5584,21.34566,3893,301,3,224,9.44306035806571e+18,QSO,1.733893,8387,57483,501
1.2376612109735693e+18,224.673362335998,42.1475359183711,20.82491,20.58211,20.36408,20.37712,20.48068,3664,301,3,92,9.595055208133843e+18,QSO,0.9823961,8522,58193,495
1.237678600237285e+18,13.8156128630632,16.4215509501786,25.13617,21.64981,21.24882,20.82483,20.86068,7713,301,1,319,6.985086424942139e+18,STAR,-0.0008549662,6204,56220,12
1.2376794597566062e+18,30.4781407441343,17.6262287684506,26.4807,22.82684,20.95139,19.81307,19.29475,7913,301,2,151,5.748896974125685e+18,GALAXY,0.5278555,5106,55833,189
1.237664673794884e+18,210.103985051912,35.4349235131449,25.74934,22.16022,20.65169,19.37206,18.97771,4470,301,5,152,4.342813182689303e+18,GALAXY,0.622588,3857,55272,790
1.2376788584655752e+18,345.907733889351,11.2305423360246,20.52575,18.43673,17.21592,16.68871,16.28838,7773,301,2,218,6.928880490327071e+18,GALAXY,0.1397901,6154,56237,336
1.2376576332648292e+18,150.925255482182,52.0537784989186,25.36095,22.66851,21.10597,20.00913,19.71014,2831,301,3,77,7.498688924635912e+18,GALAXY,0.6421251,6660,56370,711
1.2376623410863803e+18,240.201831588421,27.9862150408061,20.22885,18.44836,17.36108,16.84735,16.51489,3927,301,4,85,1.5673750383388529e+18,GALAXY,0.1695982,1392,52822,445
1.2376609586399163e+18,114.046588065702,19.180163163057,23.73362,22.60652,20.76279,19.66882,19.21569,3605,301,5,26,5.053193081882696e+18,GALAXY,0.5664276,4488,55571,561
1.2376529463803907e+18,5.21004662551795,-10.8495004675496,22.70795,20.20351,18.9918,18.42635,18.12919,1740,301,1,56,2.1539260172222075e+18,STAR,-0.0001191059,1913,53321,289
1.2376613607593743e+18,196.397547547491,46.207363846825,21.92345,22.89746,21.63696,20.45928,19.45187,3699,301,2,74,8.347610313911458e+18,GALAXY,0.5965328,7414,56748,685
1.2376788584801247e+18,19.8062272525644,11.5236841610038,24.61644,22.25414,20.439,19.38019,18.83102,7773,301,2,440,5.254579636608981e+18,GALAXY,0.5356874,4667,55868,17
1.237680275795346e+18,356.458372479554,26.6001440661946,21.87594,22.12268,20.79023,19.69232,18.75603,8103,301,2,74,7.336395514190256e+18,STAR,-0.000165713,6516,56571,115
1.237653652375208e+18,7.92070015082294,15.2034975109681,22.94501,22.6326,20.86606,19.64455,19.09916,1904,301,4,202,6.971640223190243e+18,GALAXY,0.5859121,6192,56269,247
1.2376802774096284e+18,5.75246012932706,27.9751143665589,19.89448,17.82949,16.75421,16.30912,15.94887,8103,301,5,130,7.070838442176043e+18,GALAXY,0.1265844,6280,56570,680
1.2376607616100603e+18,69.2906701273246,26.6243250759437,22.96088,21.62811,20.33788,19.67011,19.28709,3559,301,6,53,8.176445214556445e+18,QSO,4.396005,7262,56683,582
1.2376515397803707e+18,153.42181540299,64.8315381374898,21.25753,20.80254,20.5076,20.46721,20.47562,1412,301,5,83,7.973808520595527e+18,QSO,0.8608563,7082,56713,674
1.2376788595313216e+18,327.318876005124,10.186289119779,19.85735,17.83669,16.76011,16.25526,15.81859,7773,301,4,96,4.609643767536048e+18,GALAXY,0.07749251,4094,55481,762
1.237652947997098e+18,19.315709399634,-9.33001325767101,20.43596,19.31663,19.32137,19.36565,19.46975,1740,301,4,149,3.2247313397690143e+18,STAR,-0.0004515543,2864,54467,560
1.2376672110404567e+18,122.54613511755,14.7015938069732,22.83194,21.01875,19.50442,18.75194,18.33261,5061,301,3,55,5.065482873118939e+18,GALAXY,0.2915686,4499,55572,215
1.2376544002357988e+18,215.349635645233,62.2996152566208,20.31743,18.17908,17.08861,16.62351,16.27979,2078,301,5,193,6.824435424166154e+17,GALAXY,0.141645,606,52365,539
1.237660962944582e+18,150.517029692195,40.3543063255147,23.1038,22.38618,20.64251,19.76232,19.22447,3606,301,5,174,5.140955551245818e+18,GALAXY,0.5713852,4566,55630,351
1.2376576085751892e+18,131.07991966703,43.5072323343369,24.18559,24.28872,21.95005,20.68925,19.65184,2825,301,5,175,7.637027277176592e+18,STAR,-6.162505e-05,6783,56284,175
1.237651538725372e+18,241.117964445339,53.0670023714994,16.59483,15.22875,14.74672,14.60013,14.56466,1412,301,3,369,2.4500643713473843e+18,STAR,-9.863639e-05,2176,54243,386
1.2376637852794227e+18,18.9832574925952,0.844620559295226,22.03848,19.53211,17.95508,17.19673,16.7283,4263,301,6,242,1.2160632027108083e+18,STAR,8.075086e-05,1080,52614,332
1.2376637826009006e+18,32.2020098329992,-1.13457754735605,18.89875,18.152,17.93439,17.71705,17.60612,4263,301,1,331,4.548781612938301e+17,GALAXY,0.0355881,404,51812,53
1.237678881033093e+18,28.4848397210119,-1.94179277727206,21.55428,20.38137,18.67787,18.06365,17.66326,7778,301,4,507,4.895669624182692e+18,GALAXY,0.331774,4348,55559,934
1.2376553478135483e+18,225.593565476675,55.0379845354767,22.77836,22.04111,21.87964,21.56218,21.60257,2299,301,2,202,9.47459435842898e+18,QSO,0.822184,8415,57893,533
1.2376619513466063e+18,227.660023852935,10.3507455013649,21.22776,19.50095,18.82542,18.68063,18.57707,3836,301,6,520,6.175612767799892e+18,QSO,3.436738,5485,56063,188
1.237667209983624e+18,161.949293342944,26.733098216678,23.71579,22.3919,22.00206,21.41818,20.87172,5061,301,1,313,1.1792816773254107e+19,GALAXY,0.8978902,10474,58143,513
1.2376622246028902e+18,180.535339204959,39.649276189887,21.38205,20.10749,20.14373,20.08368,20.10613,3900,301,3,352,2.777678703126145e+18,STAR,0.0006993682,2467,54176,304
1.2376515392547067e+18,215.981196721206,64.6231389191051,25.59847,21.71638,19.97988,18.97433,18.5198,1412,301,4,254,8.021074601445709e+18,GALAXY,0.5263469,7124,56720,595
1.237670965930951e+18,160.041502227506,18.7363973651141,19.52755,18.06699,17.01898,16.53869,16.22557,5935,301,5,289,2.9196182325517614e+18,GALAXY,0.1698322,2593,54175,581
1.2376805071863816e+18,351.300610430886,33.0380926932115,25.45554,21.14486,20.30925,19.94388,19.5609,8157,301,1,69,8.037848473411016e+18,STAR,-0.0001921221,7139,56568,178
1.2376549483766093e+18,238.130485785458,54.143082956139,24.55357,21.30493,19.46505,18.75294,18.36268,2206,301,2,126,7.5538478505785e+18,GALAXY,0.4082735,6709,56429,674
1.2376487035043187e+18,185.583827376456,-0.657376585961432,21.60924,20.92776,20.59898,20.42365,20.11244,752,301,2,281,4.3314618299457434e+18,STAR,0.0007714431,3847,55588,454
1.2376555040336788e+18,255.24252794259,37.4070722652983,22.49282,21.79908,20.36143,19.51039,19.07277,2335,301,5,60,5.610461313413436e+18,GALAXY,0.5010197,4983,55836,371
1.237667781210014e+18,150.849384229126,17.7340708643592,23.00365,20.40095,18.71148,18.11993,17.7051,5194,301,1,248,5.996806337576851e+18,GALAXY,0.3130477,5326,56002,958
1.237678879952077e+18,11.8616342051801,-3.10435522758276,22.58051,22.38366,23.10257,22.37435,21.0804,7778,301,2,396,1.0526296474786224e+19,GALAXY,0.943078,9349,58068,939
1.2376709648404332e+18,121.736929450046,9.07388207303613,26.54829,22.81444,20.88042,19.6762,19.20957,5935,301,3,33,6.185948998278601e+18,GALAXY,0.5900915,5494,55857,927
1.2376556919402665e+18,222.159362892524,-2.34643114622691,21.27183,20.35372,19.99006,19.83299,19.50661,2379,301,3,87,4.5295806267693686e+18,QSO,2.238715,4023,55328,310
1.2376549499840102e+18,230.212340541229,60.278383640823,21.32412,19.99506,19.70704,19.61873,19.59468,2206,301,5,77,7.859917253369944e+18,STAR,-0.0004333394,6981,56443,36
1.237679504321676e+18,6.83161773249162,20.5594798778711,21.64511,22.83868,22.68703,20.96269,19.93199,7923,301,5,224,8.544629057035458e+18,GALAXY,0.7897244,7589,56946,635
1.2376593271055324e+18,252.248835488322,35.6383285907333,18.96014,17.64127,17.1996,16.91039,16.82809,3225,301,6,275,9.221692387250931e+17,GALAXY,0.08667155,819,52409,208
1.2376614359308045e+18,222.711359443579,42.0191261823442,23.21516,20.28082,18.6368,18.05708,17.71731,3716,301,6,219,6.815253657728342e+18,GALAXY,0.314636,6053,56091,660
1.2376487051191255e+18,195.233455688311,0.548124041851853,19.73799,18.85773,18.58872,18.49534,18.468,752,301,5,345,4.5622872537838607e+18,STAR,0.0001102772,4052,55589,512
1.237669682256872e+18,348.960509483246,8.33967169156659,23.96849,21.81474,20.26285,19.35013,18.76179,5636,301,6,49,6.944817085899102e+18,GALAXY,0.5159759,6168,56187,969
1.237660957571417e+18,124.760130201228,26.1389288255359,25.92549,23.075,20.83394,19.62104,19.05471,3605,301,3,106,5.022803135565158e+18,GALAXY,0.6303059,4461,55888,595
1.2376709653784166e+18,123.978579274551,10.085255261897,19.75418,18.51449,17.8621,17.50958,17.30067,5935,301,4,50,2.7259554767464305e+18,GALAXY,0.1410883,2421,54153,552
1.2376609624043028e+18,141.954826389744,36.5509601403523,18.2194,16.35048,15.44443,14.99248,14.65024,3606,301,4,122,1.4356084682737848e+18,GALAXY,0.08679763,1275,52996,313
1.2376511908265987e+18,148.842085106194,59.516673631165,21.27206,21.27919,20.88724,21.0051,20.68435,1331,301,3,271,9.225876573634451e+18,QSO,1.385686,8194,57401,919
1.2376682965972419e+18,194.016090356322,18.6124169506239,19.3052,17.62114,16.69391,16.24878,15.95414,5314,301,1,113,2.944254170129e+18,GALAXY,0.1154003,2615,54483,94
1.2376611379572902e+18,146.585616484317,35.5549404774129,22.56172,21.4812,21.027,20.92892,20.66487,3647,301,3,64,9.966587321502685e+18,STAR,-0.0002528593,8852,57449,441
1.2376536652522455e+18,134.923357204647,1.95734511179774,19.79778,19.6341,19.95551,20.2862,20.87505,1907,301,4,82,5.2819552247378125e+17,STAR,0.0001892063,469,51913,540
1.237670960012067e+18,37.3268490356124,22.9863195968175,23.02696,20.69342,19.09265,17.93622,17.26457,5934,301,2,86,3.6490683431739474e+18,STAR,0.0002341744,3241,54884,97
1.237660937701753e+18,131.066680314474,56.4534718842375,21.46712,19.98286,19.43307,19.24711,19.22608,3600,301,6,23,8.301348641110775e+18,STAR,-0.0004032867,7373,56990,322
1.237679434524e+18,12.6771036404245,-2.80331179357508,23.84305,22.04077,20.33806,19.42673,18.87526,7907,301,3,156,4.920201102568479e+18,GALAXY,0.4296047,4370,55534,67
1.2376507967499807e+18,130.41415125798,0.535843609602426,23.78504,21.5189,20.42913,19.53513,19.02906,1239,301,5,67,5.396458414342953e+18,STAR,0.0004488742,4793,55648,73
1.2376624731545933e+18,237.228967575465,35.3253178050645,22.94594,21.60608,19.8127,18.89331,18.49284,3958,301,2,54,5.5959252233442e+18,GALAXY,0.4786876,4970,56039,737
1.2376685043710694e+18,256.392872305989,46.1717368463906,25.63226,24.98411,22.15186,20.93587,19.75398,5362,301,4,186,9.609795807852386e+18,GALAXY,0.8834783,8535,58019,873
1.237664877807862e+18,156.281308282083,32.9819900857079,20.86802,20.75172,20.61026,20.22909,20.62678,4518,301,1,183,1.1566422386711747e+19,QSO,1.533956,10273,58466,191
1.237657629505094e+18,117.897148764913,27.045715931633,20.05735,17.87823,16.91447,16.42424,16.30694,2830,301,4,52,9.661590481246884e+17,GALAXY,0.1232525,858,52316,498
1.2376575940706964e+18,114.717608642578,27.0647881057676,21.00403,18.3976,17.26337,16.87232,16.64287,2822,301,2,38,9.998280186984141e+17,STAR,0.0001244741,888,52339,105
1.2376613865429404e+18,244.896547116254,37.5137079654634,21.64796,21.15285,20.79465,20.80231,20.44626,3705,301,2,284,5.85361803889373e+18,QSO,0.9880155,5199,56067,234
1.237659326556144e+18,221.716592783746,55.0748812110524,21.90166,21.68576,21.11331,21.32371,21.10319,3225,301,5,84,9.456698706336438e+18,QSO,1.104667,8399,57843,965
1.2376549489120384e+18,234.740386936455,56.7567794529019,24.24051,21.97603,20.18462,19.27465,18.71802,2206,301,3,104,7.646048772515191e+18,GALAXY,0.4773503,6791,56429,227
1.237670964852556e+18,149.067261958191,16.1694714176062,25.82323,23.65508,21.43324,20.79652,21.4039,5935,301,3,218,1.0795326349461707e+19,GALAXY,0.7381129,9588,57782,720
1.237663479263e+18,342.963196602357,0.0748244074827377,25.07454,22.72681,21.6577,20.3399,19.70721,4192,301,4,242,7.612400400838431e+17,STAR,3.480239e-05,676,52178,479
1.2376737066503375e+18,110.146718685884,41.1574309867152,20.47744,18.05489,16.93171,16.5168,16.27744,6573,301,6,188,3.608632702946877e+18,STAR,-0.000132332,3205,54848,449
1.2376582989860052e+18,132.939321727354,4.33218202536445,23.34844,22.91269,20.94966,19.86086,19.51213,2986,301,3,96,4.294343416014461e+18,GALAXY,0.5645781,3814,55535,586
1.2376623357159022e+18,234.122365061544,34.5423347080744,25.02521,23.04556,21.66465,20.32143,19.76307,3926,301,2,58,1.2094473836571154e+19,STAR,-1.512125e-05,10742,58198,207
1.2376637831385582e+18,34.1041286902517,-0.775961700001011,22.58978,19.99377,18.9867,18.62375,18.46461,4263,301,2,343,1.6967584356573123e+18,STAR,4.417639e-05,1507,53763,99
1.237669517435798e+18,346.115107664465,6.83428294535319,21.0053,20.42084,20.22461,20.11856,19.8596,5598,301,3,23,4.969882266430102e+18,QSO,0.790071,4414,55882,582
1.2376664642589824e+18,81.2945361189559,61.7940049542361,19.46917,17.9413,17.08539,16.65959,16.39457,4887,301,4,146,2.589623723581532e+18,STAR,-0.0003636302,2300,53682,196
1.2376583032772365e+18,153.66122113677,55.8667653876105,19.49438,19.3969,19.22528,19.22337,19.04464,2987,301,3,39,7.976131787171846e+18,QSO,0.9083701,7084,56624,934
1.2376613843835945e+18,146.51177382387,36.8067654452078,20.89831,18.68671,17.54231,17.07873,16.7541,3704,301,6,103,1.7959008365602673e+18,GALAXY,0.1755043,1595,52999,329
1.2376648531102275e+18,222.901582227849,31.0913529184827,21.39246,20.68536,20.3907,20.42373,20.20384,4512,301,3,159,4.356130467541703e+18,STAR,-0.001107038,3869,55273,86
1.2376651269263199e+18,165.871800810655,32.3724202238841,20.42328,18.16987,17.08785,16.61123,16.25132,4576,301,1,341,2.3711961185339576e+18,GALAXY,0.1457396,2106,53714,185
1.2376785986270664e+18,359.417908573498,3.5738472247729,22.11177,21.6171,21.02759,20.59836,20.3571,7712,301,6,325,1.2698145031066e+19,GALAXY,0.253897,11278,58395,894
1.2376664068470213e+18,34.8103326462447,-0.877531833878425,22.00927,21.95801,22.05674,22.09136,22.80794,4874,301,1,653,2.969077563097377e+18,QSO,0.4086972,2637,54115,289
1.237666301628318e+18,48.0442141827572,0.805459553427108,20.9239,20.11403,19.54096,19.08146,18.91695,4849,301,5,775,1.2003544796653425e+18,GALAXY,0.2030201,1066,52589,528
1.2376570700888806e+18,35.3885378384972,-0.5198713755255,23.56966,21.88996,21.37039,21.00712,20.10634,2700,301,2,102,1.0555553929579747e+19,GALAXY,0.890833,9375,58076,881
1.237660772884939e+18,157.146023109229,41.192684180473,20.95558,21.03373,20.70751,20.78924,20.49794,3562,301,3,62,9.4159194743125e+18,QSO,1.201486,8363,58140,67
1.2376648778083205e+18,157.519396214546,33.1886796684533,18.28168,17.41811,17.1188,16.98596,16.95512,4518,301,1,190,1.1566380880147798e+19,STAR,-0.000283568,10273,58466,40
1.2376623357154432e+18,233.098603873577,35.2282969904917,23.40426,22.12837,21.07154,20.40342,19.84606,3926,301,2,51,1.2094522489960684e+19,GALAXY,0.01882595,10742,58198,384
1.2376682928376387e+18,172.798374597793,18.9002142337086,24.43485,22.27608,20.53626,19.55961,19.05097,5313,301,2,90,6.619246742763492e+18,GALAXY,0.532981,5879,56047,295
1.237657589782152e+18,168.219260220284,53.2071476256214,22.23588,21.97209,20.35537,19.47309,19.08321,2821,301,2,136,7.549210114005424e+18,GALAXY,0.4495343,6705,56636,186
1.2376570700921574e+18,42.9008501215834,-0.626195300072761,21.75945,20.6319,19.25998,18.75595,18.29359,2700,301,2,152,9.086188555117792e+17,GALAXY,0.2731543,807,52295,64
1.23766778120405e+18,137.214918356154,14.415201302515,18.98633,17.49784,16.61848,16.20087,15.92765,5194,301,1,157,2.740596568095746e+18,GALAXY,0.1099519,2434,53826,568
1.237667212127634e+18,152.930080508522,26.7159978027941,22.00669,22.55902,21.81626,21.13123,21.19331,5061,301,5,260,1.083807343896457e+19,GALAXY,0.8874308,9626,57875,585
1.2376621956036037e+18,195.327424748775,42.8109005760959,22.92567,21.65787,20.03059,19.57382,19.39124,3893,301,5,226,1.641713024475621e+18,GALAXY,0.4178358,1458,53119,549
1.2376623362628657e+18,254.677857135538,20.3053386189504,24.9856,20.94883,19.16534,18.46839,17.97138,3926,301,3,212,1.6044926282739487e+18,GALAXY,0.4144156,1425,52913,310
1.2376623062021576e+18,244.816978353199,24.2387576128497,20.7544,18.79835,17.85189,17.40143,17.03783,3919,301,3,274,1.7733174257695068e+18,GALAXY,0.06760953,1575,53493,91
1.237671126974202e+18,172.88708603122,-8.56709156074951,18.39406,16.94475,16.4514,16.29561,16.22816,5973,301,1,14,3.221204383291173e+18,STAR,-3.309034e-05,2861,54583,17
1.2376543911051924e+18,123.864717304554,43.2150918531929,22.59305,21.60801,20.50802,19.81979,19.53704,2076,301,4,135,7.182165365019138e+18,GALAXY,0.5603421,6379,56340,181
1.2376515403207148e+18,171.709824136228,68.2276394238446,16.81928,15.5419,15.10111,14.94952,14.92244,1412,301,6,136,3.2179347091620106e+18,STAR,-0.0001382084,2858,54498,410
1.2376655317254147e+18,245.157311342551,14.5134487273215,18.50088,18.26868,18.22278,18.07446,18.03678,4670,301,3,317,2.479307520997353e+18,QSO,0.5066258,2202,53566,276
1.2376582034374003e+18,183.708924122661,49.0148631761261,23.96572,20.99918,19.19671,18.5972,18.12609,2964,301,1,316,7.512263220582963e+18,GALAXY,0.3376427,6672,56386,942
1.2376507946083287e+18,143.66545186574,-1.22144022094824,18.38193,17.45267,17.12079,16.99475,16.94237,1239,301,1,156,4.2414750432748073e+18,STAR,0.0002588697,3767,55214,764
1.2376613623772613e+18,219.216871086341,42.5894835022639,21.54835,19.26789,17.85456,16.64175,15.98457,3699,301,5,185,1.571883315756034e+18,STAR,0.0001689531,1396,53112,462
1.2376555034994286e+18,258.498443057876,32.098357939851,22.31947,22.10046,22.20832,21.6672,21.8553,2335,301,4,100,1.3121399285882313e+19,QSO,2.060627,11654,58543,588
1.2376792546716552e+18,34.8034590966199,-4.11707569605035,21.48895,20.99035,20.86068,20.65947,20.79064,7865,301,4,147,8.87555430078666e+18,STAR,-0.0004290846,7883,57331,310
1.2376611368901673e+18,164.974370266152,39.8573802150656,19.5041,18.15057,17.37959,16.94639,16.66818,3647,301,1,165,1.6156749377988465e+18,GALAXY,0.1095113,1435,52996,31
1.237661362378179e+18,221.799958258655,41.7479031731204,24.37075,22.46771,20.58942,19.61883,19.09285,3699,301,5,199,6.815207203362068e+18,GALAXY,0.5717137,6053,56091,491
1.2376663397272783e+18,19.8247356338074,0.376202028960866,24.42634,24.78121,21.6668,20.53004,19.80536,4858,301,4,487,8.867831050715551e+18,GALAXY,0.5972905,7876,57002,885
1.237661970115396e+18,193.255701349916,6.27759148583091,24.16728,20.7294,19.00391,18.40274,18.0016,3841,301,1,189,5.445007350955268e+18,GALAXY,0.3828273,4836,55689,565
1.2376704575082337e+18,45.0496959520867,35.0502347696859,21.93636,20.68819,20.32375,20.23503,20.38652,5817,301,2,198,2.700079288761215e+18,STAR,-9.347217e-05,2398,53768,623
1.237664853104722e+18,208.616124539902,34.9594378957697,23.74799,22.0319,20.19167,19.38703,18.92491,4512,301,3,75,4.3381328365006577e+18,GALAXY,0.4497758,3853,55268,147
1.2376786216939692e+18,8.00480904238884,4.06277249893027,22.19129,21.89356,21.55368,20.97653,20.7679,7718,301,1,42,1.0632138762711489e+19,GALAXY,0.8111948,9443,58074,967
1.2376609355545316e+18,133.718947075095,55.804317231062,19.41693,18.06008,17.28658,16.86735,16.60587,3600,301,2,27,5.044441469503672e+17,GALAXY,0.1193378,448,51900,149
1.2376803058589379e+18,331.58214302706,22.9894929341635,21.39019,20.90012,19.05193,18.41531,17.86478,8110,301,2,56,6.700299717228912e+18,GALAXY,0.3375648,5951,56102,252
1.237650371015344e+18,172.106406539227,-2.05292639010309,19.30928,17.929,17.24611,16.84154,16.5561,1140,301,4,128,3.6718277257543066e+17,GALAXY,0.1183584,326,52375,507
1.2376786029217713e+18,14.2132733740074,18.530385601891,25.74007,22.0378,20.52517,19.50198,19.02413,7713,301,6,321,6.41993497438089e+18,GALAXY,0.5564628,5702,56221,195
1.237678906241647e+18,350.695188249893,9.41872549304481,21.96942,20.66032,19.02809,18.38211,17.87835,7784,301,3,135,6.93918758690176e+18,GALAXY,0.3460575,6163,56219,969
1.237668332563792e+18,217.883335767183,15.1089495444634,22.01312,21.58767,21.42574,21.30609,20.97232,5322,301,4,55,6.154360856799107e+18,QSO,0.7148795,5466,56033,698
1.2376613843804493e+18,138.730478879044,33.4621161022132,22.78868,21.5472,19.9143,19.13956,18.71022,3704,301,6,55,6.542655317343492e+18,GALAXY,0.4222896,5811,56334,185
1.2376648176791063e+18,189.334615017276,36.4363688111481,24.59197,21.41728,19.60765,18.55018,18.01573,4504,301,1,195,4.4677982481665454e+18,GALAXY,0.5411782,3968,55590,827
1.2376529479889068e+18,0.365983950801038,-9.70270273861161,22.49992,23.93819,22.21801,19.39146,17.81342,1740,301,4,24,8.069378619208915e+18,STAR,-1.461877e-05,7167,56604,196
1.23767932286206e+18,36.61003660629,-4.55919101468468,22.53205,22.48042,21.76287,21.32686,20.82053,7881,301,3,266,8.146041792560912e+18,QSO,0.7897598,7235,56603,567
1.237648721761862e+18,166.879512508801,0.371792416883101,23.26408,22.46989,20.69016,19.72522,19.39201,756,301,4,341,4.3202619293588746e+18,GALAXY,0.5030835,3837,55572,669
1.2376795805448934e+18,22.3453413113921,30.9879508775975,22.45746,21.63624,20.5408,19.65145,19.11468,7941,301,3,34,7.426455408083229e+18,STAR,0.0001127015,6596,56331,71
1.23766608951686e+18,18.9694916046372,19.4010916109437,23.10083,22.32241,20.58043,19.63296,19.08586,4800,301,2,51,5.779479615627352e+18,GALAXY,0.5728091,5133,55860,856
1.2376802425238328e+18,359.222833504024,-7.4266747345241,22.95864,20.63094,18.92481,18.29003,17.88238,8095,301,4,295,8.046915596150135e+18,GALAXY,0.391944,7147,56574,396
1.237660963472933e+18,129.472895503894,31.0084563495678,20.03689,18.27807,17.36009,16.95672,16.67532,3606,301,6,44,1.361279552688515e+18,GALAXY,0.08379053,1209,52674,242
1.2376677350586447e+18,216.481334641248,19.2778201214909,19.11543,18.7217,18.66556,18.60138,18.33158,5183,301,3,546,6.639507718322544e+18,QSO,2.176005,5897,56042,276
1.2376613618427502e+18,225.454995638285,39.7410006727221,24.66582,23.89493,21.63923,20.47047,19.66029,3699,301,4,221,9.56344642958815e+18,GALAXY,0.5591483,8494,57104,191
1.237669761184826e+18,331.997595899024,5.0750761522051,24.54165,22.36311,20.64052,19.82382,19.21552,5655,301,1,170,4.861788447395043e+18,GALAXY,0.4875323,4318,55508,555
1.2376650989959255e+18,131.957691016869,23.7152834146253,20.55614,20.27908,19.94879,19.88176,19.69586,4569,301,5,141,1.251440784396808e+19,QSO,0.9327562,11115,58514,110
1.2376639162611146e+18,112.686125126769,42.2667710178408,23.66464,21.89894,20.47339,19.611,19.08031,4294,301,2,16,4.116560902085696e+18,STAR,-0.0003129792,3656,55241,985
1.2376785975419863e+18,333.38397973397,2.38959188414252,19.23838,19.02667,18.69237,18.63152,18.69464,7712,301,4,152,1.27689019034019e+19,QSO,1.278453,11341,58428,258
1.2376556930187927e+18,233.14849744754,-1.21901072031157,23.35332,22.15969,21.41448,20.39124,19.95023,2379,301,5,160,4.514918914459982e+18,GALAXY,0.7303845,4010,55350,219
1.2376637841929672e+18,349.907116626557,0.0562133298510279,23.14566,22.05471,22.10591,22.07398,21.31953,4263,301,4,48,4.740241009283455e+18,QSO,2.205322,4210,55444,736
1.2376737044997745e+18,102.423062970058,37.0812905673256,22.41217,20.49958,19.57233,19.20864,18.9173,6573,301,2,141,3.039947414766119e+18,STAR,9.070326e-05,2700,54417,64
1.2376623035144604e+18,232.135084280487,42.9692972025844,18.99337,17.30671,16.45046,16.04657,15.73956,3918,301,6,223,1.1845308560106063e+18,GALAXY,0.1228659,1052,52466,306
1.2376696795735007e+18,351.432205199374,6.27895224425843,23.83354,21.6692,21.20127,21.16183,21.38944,5636,301,1,64,4.963186790473423e+18,STAR,-0.001656637,4408,55888,800
1.2376637890301796e+18,120.247104462911,54.846640477211,24.11879,22.30979,21.21532,20.61462,20.38165,4264,301,5,130,8.197813678722275e+18,STAR,7.494174e-05,7281,57007,496
1.23767943345288e+18,18.6303013265992,-3.54037028947877,21.70299,21.36722,21.04762,20.87191,20.4955,7907,301,1,196,8.910538561759238e+18,QSO,0.9813766,7914,57331,606
1.237661361296114e+18,196.085169069888,46.675833297918,23.68822,22.16068,20.37524,19.3899,19.01316,3699,301,3,72,7.451459403184887e+18,GALAXY,0.5271993,6618,56401,923
1.237678845036921e+18,329.378912080465,7.09937025328975,20.62211,20.09057,19.91947,19.8401,19.45228,7770,301,1,113,1.2764487364266711e+19,QSO,2.226333,11337,58431,582
1.237661137962534e+18,160.933804561785,39.7961617611777,24.58517,24.84234,22.1756,20.97553,19.90856,3647,301,3,144,9.932939528959711e+18,GALAXY,0.819484,8822,58167,911
1.2376711414806607e+18,175.650401375835,-0.642084826121018,23.32064,21.11756,19.95506,19.19011,18.98726,5976,301,4,181,4.3246357940632515e+18,GALAXY,0.5356321,3841,56016,197
1.2376805050400778e+18,333.670416006485,31.6715173075512,20.80492,20.64243,20.55156,20.55487,20.27282,8156,301,5,87,8.679738432325703e+18,QSO,2.138698,7709,57666,640
1.2376582050609244e+18,225.50754073054,42.4326861871278,23.04636,23.25598,21.67754,20.30136,19.60892,2964,301,4,513,9.56227326843161e+18,GALAXY,0.5868471,8493,58162,19
1.2376544007638223e+18,169.037676370161,65.013305163463,22.30564,21.14454,19.84701,19.01139,18.64082,2078,301,6,58,8.005348836825651e+18,GALAXY,0.5550518,7110,56746,729
1.2376569063477092e+18,343.1303966118,-0.947845949026508,24.37613,23.43634,21.51585,20.17065,19.57274,2662,301,1,170,4.735615639196293e+18,GALAXY,0.6344761,4206,55471,293
1.2376719360413537e+18,254.853905147149,40.5735681303997,20.08201,18.55698,17.58279,17.15136,16.82706,6161,301,4,55,7.128169965798298e+17,GALAXY,0.1445981,633,52079,445
1.237659324952216e+18,239.137083440141,44.6553667580687,23.35203,22.64371,20.84048,19.97238,19.55634,3225,301,2,186,9.579419047436767e+18,GALAXY,0.4596626,8508,57845,955
1.2376515392562143e+18,222.386093891956,62.736596997036,22.36265,22.89732,20.90556,19.88182,19.30473,1412,301,4,277,7.862235848582125e+18,GALAXY,0.6398497,6983,56447,279
1.2376613607680904e+18,222.451720175267,40.0821928409558,21.91381,21.9753,21.87032,21.52018,21.99284,3699,301,2,207,9.567952228255551e+18,QSO,1.873806,8498,57105,199
1.2376551244820654e+18,206.712485145203,3.83082880181602,24.91516,22.90828,21.19098,20.06217,19.31169,2247,301,2,306,5.387538076691356e+18,GALAXY,0.6561398,4785,55659,389
1.237657627901952e+18,133.730756276269,37.8063967950941,19.87463,17.88659,16.91081,16.47524,16.14926,2830,301,1,166,1.0539377408208015e+18,GALAXY,0.0963774,936,52705,347
1.2376623072707223e+18,234.048277180308,31.5184106104082,22.32404,21.47155,20.31304,19.37696,19.1519,3919,301,5,195,5.316671255021378e+18,GALAXY,0.5579107,4722,55735,625
1.2376627007929723e+18,250.776987907836,47.114718752338,23.69471,22.8208,21.32651,20.73928,20.31277,4011,301,2,132,9.616577599565486e+18,STAR,-0.0001201233,8541,58257,969
1.2376623008415757e+18,253.954638406112,23.753603870202,22.87818,21.77955,19.74973,18.87528,18.52547,3918,301,1,398,4.707415368557417e+18,GALAXY,0.4800715,4181,55685,101
1.2376623072610883e+18,209.052446206491,40.417255729954,25.9054,21.97684,20.28745,19.17903,18.68292,3919,301,5,48,7.464835511171176e+18,GALAXY,0.5757665,6630,56358,433
1.2376570700899287e+18,37.7787068702733,-0.424858732323203,20.51693,18.60387,17.3965,16.80025,16.33101,2700,301,2,118,4.582910455206646e+17,GALAXY,0.1882459,407,51820,181
1.2376651296261407e+18,208.315609026188,33.6225674788481,20.25957,18.33945,17.38986,16.97087,16.64549,4576,301,6,577,2.3836239051903734e+18,GALAXY,0.08644225,2117,54115,341
1.237652947995e+18,14.4224477589832,-9.61102450961301,19.07102,17.8,17.20863,16.86883,16.61692,1740,301,4,117,7.409713673226424e+17,GALAXY,0.1046667,658,52146,470
1.237678617944e+18,335.527838629107,1.36155671266164,26.36856,22.81248,21.36112,20.12341,19.38109,7717,301,2,166,4.866242019159464e+18,GALAXY,0.6511497,4322,55503,373
1.2376626970284529e+18,217.354528155072,32.532901475023,23.45866,22.18243,20.48919,19.41153,18.83466,4010,301,3,34,4.35052818722851e+18,GALAXY,0.5528409,3864,55649,185
1.2376625010752883e+18,229.186679764805,44.1273713425399,18.86368,17.06757,16.14465,15.70021,15.36703,3964,301,6,106,1.88830269674674e+18,GALAXY,0.1243724,1677,53148,613
1.2376622235450084e+18,224.573433547762,31.7444487484153,19.27322,19.09826,19.01993,18.78687,18.80931,3900,301,1,594,1.855561714758609e+18,QSO,1.636552,1648,53171,286
1.2376611368867594e+18,155.62410375852,37.5444573882343,19.24107,18.04806,17.33839,16.93633,16.68273,3647,301,1,113,1.606674335613872e+18,GALAXY,0.1457366,1427,52996,55
1.2376549505242245e+18,240.720017528002,54.9988410103794,24.51963,24.85651,22.72165,21.47296,20.15602,2206,301,6,128,8.51427538681701e+18,QSO,1.071618,7562,56799,801
1.2376555018910438e+18,260.094956643188,27.0149508648077,20.26815,18.68293,18.09193,17.86272,17.77524,2335,301,1,134,2.469175251871754e+18,STAR,-0.0002090621,2193,53888,279
1.2376613870820396e+18,249.494509142575,34.0188259469876,19.31102,17.23562,16.21976,15.78993,15.40262,3705,301,3,318,1.5076319736092692e+18,GALAXY,0.09669557,1339,52767,189
1.2376591542157967e+18,242.311929168141,38.1244899378098,18.97161,18.93741,18.59916,18.6051,18.85397,3185,301,4,11,1.1878417653490255e+18,QSO,1.12581,1055,52761,63
1.2376623410837588e+18,234.439719739068,31.0978097273205,20.62285,18.66681,17.36212,16.86895,16.50166,3927,301,4,45,1.56399047192192e+18,GALAXY,0.1987132,1389,53135,420
1.237667781745509e+18,147.637885826729,17.3743954638996,22.3254,20.6565,18.99905,18.27918,17.87164,5194,301,2,227,5.992239516047661e+18,GALAXY,0.387351,5322,56003,728
1.237667430094275e+18,141.752598726828,20.5788071080502,23.66576,21.42275,19.59392,18.90483,18.50038,5112,301,3,215,6.496565708683762e+18,GALAXY,0.3777863,5770,56014,448
1.2376515397816159e+18,159.331861023904,66.1581157589738,23.56593,21.41808,19.86711,19.05757,18.57338,1412,301,5,102,7.974968230635918e+18,GALAXY,0.4815113,7083,56722,797
1.2376557429510643e+18,238.472688709874,3.66154841596204,22.36871,21.55152,21.00269,21.26109,21.45367,2391,301,2,210,5.41127460907623e+18,QSO,2.845803,4806,55688,726
1.2376650243671327e+18,182.033388806334,34.3740937206854,20.73175,20.61361,20.27708,20.33022,19.99873,4552,301,2,84,1.1534903506395e+19,QSO,1.014652,10245,58161,214
1.237661357539459e+18,168.464555011704,46.3255120042101,24.7034,24.14988,20.74458,19.56323,19.59846,3698,301,4,94,7.486375493815785e+18,GALAXY,0.5159343,6649,56364,971
1.237657630063854e+18,176.495201921399,52.8016128351146,25.00617,22.45453,20.73408,19.59624,19.03489,2830,301,5,386,7.53253629135712e+18,GALAXY,0.5868797,6690,56416,967
1.2376709653866092e+18,142.471840645731,15.0691987044964,23.16585,22.42535,20.83434,19.77579,19.1097,5935,301,4,175,5.978763901202094e+18,GALAXY,0.6047298,5310,55983,856
1.2376792546644462e+18,18.3460653957776,-4.60074525577819,22.39848,22.11395,21.6967,20.66198,19.88155,7865,301,4,37,8.91049705519529e+18,QSO,1.246748,7914,57331,455
1.2376677350475694e+18,189.59393826703,22.3175881230805,19.96655,19.32818,19.13454,18.96448,18.87736,5183,301,3,377,6.73870950645972e+18,QSO,1.779135,5985,56089,722
1.237662337862599e+18,233.634865853264,37.0482788624027,19.28481,18.67905,17.98309,17.57083,17.34114,3926,301,6,46,1.4569939653571643e+18,QSO,0.15806,1294,52753,289
1.2376557434823647e+18,225.887088322789,5.27247630974984,26.10704,22.73069,21.36064,20.16509,19.93835,2391,301,3,125,2.0615571656210125e+18,STAR,0.0001376742,1831,54557,125
1.237678880496616e+18,29.3626317244947,-2.45115022662355,22.53946,22.79747,21.33664,20.26355,19.5969,7778,301,3,513,8.828265124085389e+18,GALAXY,0.7217216,7841,56960,305
1.2376697665480952e+18,10.8045806259206,7.22663750418408,22.135,21.2528,21.24881,21.31911,21.21171,5656,301,3,87,5.112716248581691e+18,STAR,0.0003036849,4541,55882,17
1.2376794597488727e+18,11.9566975756526,19.2601601994704,22.92437,21.59785,20.94072,20.73955,20.6796,7913,301,2,33,8.577335129109977e+18,STAR,-0.001228687,7618,56898,835
1.237679255202366e+18,20.7568959339014,-4.00240276941599,24.74352,22.55715,20.87353,19.86702,19.32069,7865,301,5,53,7.933353911964162e+18,GALAXY,0.556803,7046,56568,957
1.2376609629356687e+18,129.064808895265,30.0622250677496,18.07881,17.10961,16.69888,16.41196,16.27171,3606,301,5,38,1.4288527929649664e+18,GALAXY,0.08274292,1269,52937,312
1.23765460209782e+18,144.444496044,4.26966615449147,20.05509,18.2584,17.3235,16.88883,16.56699,2125,301,5,171,6.407943151398687e+17,GALAXY,0.1094415,569,52264,572
1.2376551287626796e+18,241.650036104146,48.7205307381846,23.96213,26.88175,22.44767,20.96679,18.06011,2248,301,2,87,9.074941123202669e+18,STAR,0.0005559708,8060,57894,683
1.2376611379595187e+18,152.561830977854,37.569272625079,25.69421,22.64791,20.94911,19.65615,19.1227,3647,301,3,98,5.142032247319452e+18,GALAXY,0.6620809,4567,55589,172
1.23766512692632e+18,165.924445239322,32.3398013608209,22.98389,21.95733,20.58774,19.84794,19.55155,4576,301,1,341,7.253066273311184e+18,GALAXY,0.3395573,6442,56369,69
1.2376582045101596e+18,180.203196481019,49.7706954317905,23.54918,22.1759,21.30612,20.52042,19.80338,2964,301,3,301,8.357701088368154e+18,GALAXY,0.6778139,7423,57135,531
1.237659327104549e+18,250.665251266162,37.5066297399825,18.66151,17.50756,17.04805,16.73859,16.59188,3225,301,6,260,9.210631297926697e+17,GALAXY,0.09900939,818,52395,280
1.237651504342172e+18,200.629671158388,-0.19019018753595,19.33533,18.79966,18.25171,17.87067,17.71314,1404,301,3,11,3.3447889173953946e+17,QSO,0.1727621,297,51959,315
1.2376648778092385e+18,159.925604805839,33.8621610143913,24.87849,23.52243,21.17606,20.13032,19.34167,4518,301,1,204,1.1565322320395655e+19,GALAXY,0.782571,10272,58172,285
1.237667538549474e+18,162.652250565483,23.7612269104725,23.10796,22.21754,21.5316,22.07891,19.94902,5137,301,5,326,1.178595224708267e+19,GALAXY,1.288676,10468,58131,116
1.237667431701218e+18,132.919957913585,19.0791232012334,25.26852,23.41038,21.40461,20.39978,19.74163,5112,301,6,159,1.2486498115233536e+19,GALAXY,0.5324665,11090,58487,975
1.2376553499653578e+18,239.658278859522,49.8302333217937,23.89467,23.17523,21.32239,20.36169,20.10403,2299,301,6,268,9.499455140983495e+18,GALAXY,0.5785431,8437,57894,864
1.2376487045854666e+18,202.582831284935,0.103484223330459,23.46971,21.80229,21.63442,21.6102,21.88194,752,301,4,394,4.5555307550996127e+18,STAR,0.0005893263,4046,55605,508
1.2376640939731192e+18,129.973335081421,26.3488697148514,20.50426,19.34193,18.96335,18.81853,18.83056,4335,301,5,134,3.5444547582176543e+18,STAR,-6.761265e-05,3148,54802,443
1.237662306725462e+18,212.476048828813,39.2219529876883,18.29707,17.37188,16.9931,16.79905,16.65422,3919,301,4,67,1.5526377386315878e+18,GALAXY,0.02991523,1379,53084,79
1.2376663397262953e+18,17.6151149891139,0.337735912296505,22.18981,20.56098,19.18281,17.91014,17.22615,4858,301,4,472,1.2183974643698504e+18,STAR,-1.182151e-06,1082,52523,632
1.2376576295047665e+18,117.472837141815,26.5022991250288,24.59856,24.75519,21.85108,20.52371,19.76857,2830,301,4,47,1.250222058089928e+19,GALAXY,0.6586828,11104,58436,829
1.2376685988552392e+18,259.798400051977,-13.2405382439371,17.66305,15.76807,14.83962,16.92368,14.25451,5384,301,4,108,2.8542959795348705e+18,STAR,-3.6395e-05,2535,54632,508
1.237661387620025e+18,251.793317246281,32.3914513052035,22.30721,22.1964,20.47429,19.54686,19.24428,3705,301,4,335,5.848096016537246e+18,GALAXY,0.493087,5194,56062,625
1.2376517373816996e+18,212.297304380393,2.87033611934306,23.29179,21.92381,20.79684,19.89359,19.52044,1458,301,5,584,4.5410152728874414e+18,GALAXY,0.6743485,4033,55332,949
1.2376802645390787e+18,4.37568798816007,-6.831569658163,24.86662,21.11735,20.88031,20.63433,20.73069,8100,301,5,349,8.050373010849552e+18,GALAXY,0.02391445,7150,56597,686
1.2376646694967055e+18,125.715148876287,23.9998660821607,25.00752,21.54155,19.87349,18.98087,18.44764,4469,301,5,103,5.030755903269526e+18,GALAXY,0.5011983,4468,55894,855
1.237666301631267e+18,54.6976483892352,0.71966760836067,21.57403,20.92592,20.60385,20.16853,20.0098,4849,301,5,820,8.04008568889043e+17,QSO,1.55084,714,52201,422
1.2376682965910164e+18,179.090774406342,18.6595846728812,21.8684,21.60493,20.34842,19.39341,19.09892,5314,301,1,18,6.62143861904247e+18,GALAXY,0.5875635,5881,56038,77
1.2376639178753316e+18,116.234081442574,50.1899130765428,22.59636,22.1979,21.42956,20.87515,20.67428,4294,301,5,71,9.354124709678307e+18,QSO,0.1017102,8308,57417,539
1.2376570700898632e+18,37.7138728560977,-0.525138228146508,20.77988,19.54618,19.16687,18.89438,18.64286,2700,301,2,117,1.7553283123029217e+18,GALAXY,0.1060118,1559,53271,183
1.2376576085759757e+18,132.830197873076,44.7271575532417,20.49408,20.2065,20.22691,20.19625,19.82982,2825,301,5,187,9.323784504652093e+18,QSO,2.156938,8281,57042,754
1.2376529340360297e+18,323.98954310796,-8.4211142120258,18.50278,17.30668,16.77512,16.45554,16.31391,1737,301,2,112,7.217065497177887e+17,GALAXY,0.06358322,641,52176,17
1.2376546026325937e+18,139.602692471709,4.48899467785818,20.32077,18.0429,16.76664,16.26761,15.88947,2125,301,6,139,1.1158446435446557e+18,GALAXY,0.1808959,991,52707,283
1.2376607503345907e+18,66.4247848780382,26.3317272557452,19.03135,16.8425,16.01416,15.58045,15.29979,3557,301,1,35,1.4131061376072028e+18,STAR,2.167139e-05,1255,52962,370
1.2376634787229207e+18,335.619118299874,-0.407723292104238,22.08138,19.78081,18.95338,18.65047,18.4725,4192,301,3,193,1.2801952480472863e+18,STAR,0.0001080121,1137,52971,171
1.2376712601204165e+18,123.513208853859,7.53878835617995,16.5994,15.59036,15.29801,15.18195,15.17185,6004,301,1,48,1.9772476887348283e+18,STAR,0.0001885197,1756,53080,609
1.2376623008339075e+18,239.508678566986,35.9769300905867,25.12583,21.82853,20.2944,19.35205,18.73527,3918,301,1,281,5.594690471819762e+18,GALAXY,0.4945476,4969,56041,341
1.2376709659290506e+18,155.495729680537,18.0093333755466,24.90214,22.95113,21.00865,20.0242,19.5621,5935,301,5,260,6.624909777385576e+18,GALAXY,0.6105736,5884,56046,417
1.237658204511863e+18,186.297339449267,49.8623650938864,21.95916,21.76881,21.49622,21.0917,20.59962,2964,301,3,327,8.35208478347679e+18,QSO,1.632169,7418,57165,579
1.2376613612986048e+18,203.99980198296,45.4838404029315,26.04031,23.60855,22.1305,20.7896,19.98083,3699,301,3,110,8.339557491152279e+18,GALAXY,0.6963875,7407,56772,61
1.2376536652602412e+18,153.120120100304,2.38843489607304,21.21031,20.25705,20.0351,19.9972,19.99385,1907,301,4,204,3.667065974198215e+18,STAR,0.0009669488,3257,54888,36
1.2376583000703636e+18,157.148780280888,7.22958123201065,22.63761,22.11964,20.54528,19.58519,19.03513,2986,301,5,258,5.46197254034295e+18,GALAXY,0.5704065,4851,55680,844
1.2376683105512983e+18,229.956991010941,14.0144285175991,19.88521,17.70988,16.64361,16.20187,15.86107,5317,301,3,43,3.115437681186728e+18,GALAXY,0.1387394,2767,54243,264
1.237670965393228e+18,158.019816241043,18.0806039792725,19.58521,18.38636,17.67362,17.26584,17.014,5935,301,4,276,2.9195324706447954e+18,GALAXY,0.1516436,2593,54175,269
1.2376672115794255e+18,126.881753162988,17.1883002980178,22.50172,21.40385,21.09062,20.72204,20.23912,5061,301,4,87,5.054287370394032e+18,QSO,0.4974134,4489,55545,446
1.237651755097195e+18,210.018461205638,3.13523424741192,22.58356,21.87566,21.74103,21.86254,21.66203,1462,301,6,565,4.5443806030686013e+18,STAR,0.0002194614,4036,55330,904
1.2376555034968724e+18,254.938620654,37.1203348901038,20.8366,19.34906,18.76984,18.93611,18.40172,2335,301,4,61,5.610458564634368e+18,STAR,-0.0007443304,4983,55836,361
1.2376654415157007e+18,194.630312000542,29.2878591488024,22.1214,21.78906,20.85059,19.74561,19.30584,4649,301,3,82,7.29935956066149e+18,GALAXY,0.7020183,6483,56341,547
1.2376529463866819e+18,19.7289473305686,-10.6939988409863,20.56094,19.01836,18.41336,18.16342,17.97207,1740,301,1,152,3.2245779578969395e+18,STAR,-0.0004417319,2864,54467,2
1.237661418743268e+18,188.732064900232,58.4308782687093,23.28488,21.88073,20.39182,19.25453,18.69847,3712,301,6,102,7.696798930953328e+18,GALAXY,0.6023103,6836,56443,535
1.2376634787264604e+18,343.675595683103,-0.237714173877002,22.81714,23.10112,22.43569,21.51895,21.02233,4192,301,3,247,1.0375320052799132e+19,GALAXY,0.8022918,9215,57682,554
1.2376677350300063e+18,146.95314602309,18.0397888224714,22.19925,22.12417,21.00196,20.05211,19.63555,5183,301,3,109,6.511107574645152e+18,GALAXY,0.6434081,5783,56017,103
1.2376543986171256e+18,173.99914014054,63.7797453031338,22.82734,21.32724,19.89952,19.58556,19.3821,2078,301,2,70,8.00875594789502e+18,GALAXY,0.4149267,7113,56711,836
1.2376648176784507e+18,187.466232315167,36.5156931992898,19.61194,17.9181,16.95165,16.47185,16.10864,4504,301,1,185,2.255353493013424e+18,GALAXY,0.1297369,2003,53442,640
1.2376576300451768e+18,123.517810998547,32.5974891119215,23.23489,23.07548,21.68348,20.49565,19.72401,2830,301,5,101,1.0530591712698718e+19,STAR,5.657157e-05,9353,57814,181
1.2376677350431127e+18,178.490560123705,22.2686231340624,19.37691,19.01195,19.05467,18.91344,19.08762,5183,301,3,309,2.827305155513313e+18,QSO,0.622575,2511,53882,620
1.2376611503068283e+18,202.509634386444,47.8919039625754,24.70113,19.62373,18.06016,17.46975,17.12262,3650,301,2,87,7.5977150650188e+18,GALAXY,0.3296168,6748,56371,518
1.2376602419249807e+18,51.6039478854785,0.891132598115412,18.41359,17.12964,16.60618,16.39397,16.28629,3438,301,6,144,1.3298137404004372e+18,STAR,0.0001448622,1181,53358,458
1.237650371552412e+18,172.561749582144,-1.61977393478884,20.47874,18.51182,17.50644,17.04281,16.69494,1140,301,5,131,3.68258093588441e+17,GALAXY,0.1207979,327,52294,323
1.2376613827688532e+18,137.233134675106,31.1608903764665,22.62138,20.30758,18.61156,18.02483,17.72333,3704,301,3,40,1.7913483082795848e+18,GALAXY,0.3135214,1591,52976,151
1.237665567147688e+18,223.749964084836,20.7179654527643,20.77368,18.54233,17.51567,17.09176,16.84794,4678,301,5,146,3.8359451891810714e+18,STAR,-0.0001129729,3407,54971,15
1.2376582034216072e+18,136.348356440532,36.9504102438143,24.16269,24.63658,22.07328,20.78261,19.91334,2964,301,1,75,9.97673306521576e+18,GALAXY,0.7855006,8861,57459,487
1.2376517373757363e+18,198.657186989235,3.08484856709537,24.47955,21.86974,20.19896,19.37111,19.04088,1458,301,5,493,4.511717685969836e+18,QSO,0.4227679,4007,55327,861
1.2376682718960689e+18,196.690893560284,19.4334683305207,22.51399,21.16132,20.43937,20.25791,20.1485,5308,301,3,35,2.946530434395171e+18,STAR,-0.0002374281,2617,54502,183
1.2376618509478136e+18,229.54771709822,35.3864778861125,21.42938,20.76205,20.15768,20.28548,19.7346,3813,301,3,460,5.309943618299255e+18,GALAXY,0.34582,4716,55738,726
1.2376517540179476e+18,197.466371246653,2.46536314636888,24.1889,20.66414,18.87763,18.24635,17.83934,1462,301,4,481,5.912027678344745e+17,GALAXY,0.3575687,525,52295,383
1.2376651269401477e+18,203.41828602056,32.3349097549945,18.61819,16.63319,15.82305,15.43368,15.18594,4576,301,1,552,2.374574363883104e+18,GALAXY,0.08069272,2109,53468,187
1.2376593271044836e+18,250.530633307845,37.5458378466356,20.67133,18.74363,17.57044,17.12191,16.81877,3225,301,6,259,9.21041964193835e+17,GALAXY,0.1743556,818,52395,203
1.237654391106438e+18,126.417510385816,45.4087708472431,23.73149,23.27913,21.56807,20.67459,19.95034,2076,301,4,154,7.197928238609618e+18,QSO,0.6038168,6393,56341,182
1.2376651296039245e+18,147.877383508754,30.1058034326924,25.8744,22.42062,21.90942,21.19209,20.35905,4576,301,6,238,1.1762443864048425e+19,GALAXY,0.8016434,10447,58143,609
1.2376709594761137e+18,38.7318954942124,24.5923543027822,21.98717,20.20119,19.55965,19.29673,19.29986,5934,301,1,100,2.701053455996316e+18,STAR,0.002458181,2399,53764,71
1.2376549521335913e+18,254.231232744081,38.4342082617351,16.52456,16.39194,16.42245,16.43715,16.45826,2207,301,1,109,7.127760397716951e+17,STAR,-7.161411e-05,633,52079,296
1.2376609629344896e+18,126.37744254932,28.5464406921787,21.66484,21.53539,21.26388,21.11563,21.15582,3606,301,5,20,1.1998961734679548e+19,QSO,1.122289,10657,58157,896
1.23766875884821e+18,303.170035831225,-11.0223581871437,20.72688,18.9792,18.19823,17.88185,17.69195,5421,301,6,191,2.610007035764304e+18,STAR,0.0001254775,2318,54628,622
1.2376551072966254e+18,153.676536008425,55.077336263062,25.28304,21.11417,20.45749,20.25998,20.30503,2243,301,2,221,7.975894292660247e+18,STAR,-0.0007109305,7084,56624,70
1.2376677822715003e+18,122.905049122009,10.6922396188044,20.23301,18.22676,17.36536,16.97862,16.64314,5194,301,3,61,2.724733368448084e+18,GALAXY,0.05205597,2420,54086,202
1.237664854183969e+18,223.282614539571,31.9506698784676,19.65852,18.74964,18.39632,18.26094,18.23415,4512,301,5,159,3.73241819748012e+18,STAR,-0.00015896,3315,54942,218
1.2376556930171535e+18,229.351323140067,-1.31771558841794,20.56827,19.01482,18.04413,17.55824,17.19896,2379,301,5,135,1.0393747042609664e+18,GALAXY,0.1173524,923,52404,615
1.2376607728886743e+18,168.156044631117,43.5160277036328,20.72989,20.09514,20.0474,19.91862,19.64378,3562,301,3,119,5.275099543700265e+18,QSO,2.523537,4685,55657,940
1.2376614160635663e+18,207.05472249585,54.301920946966,22.60856,21.96413,20.33334,19.3773,19.00454,3712,301,1,173,7.606753601277679e+18,GALAXY,0.5025249,6756,56426,632
1.2376786174251505e+18,16.6915390095479,1.24331769021127,22.07001,21.37543,19.60467,18.89678,18.40725,7717,301,1,441,4.758236166859545e+18,GALAXY,0.394294,4226,55475,666
1.2376614160687434e+18,224.264103090319,49.110694444299,20.41823,18.32357,17.17081,16.70016,16.38549,3712,301,1,252,1.180108349895633e+18,GALAXY,0.1696074,1048,52736,601
1.237661966360314e+18,197.052237029845,41.157958637467,23.58308,21.04667,19.25511,18.54745,18.10017,3840,301,2,235,5.298682969409739e+18,GALAXY,0.3855083,4706,55705,720
1.2376529447699095e+18,322.380759258992,12.2215874586731,19.81463,18.42245,17.90054,17.67517,17.59748,1739,301,6,58,2.2091429414133832e+18,STAR,-8.749296e-05,1962,53321,463
1.237665126945784e+18,218.081449975989,29.2820744940473,22.44261,20.86299,19.09595,18.52656,18.2099,4576,301,1,638,6.775891690807122e+18,GALAXY,0.3177914,6018,56067,822
1.2376704575048911e+18,40.6976520272262,28.3407349004731,19.64897,18.4305,17.98169,17.79339,17.73273,5817,301,2,147,2.7496001979474514e+18,STAR,-5.711781e-05,2442,54065,555
1.237672766053746e+18,350.453420333965,19.4478703522373,24.27703,23.73293,21.82797,20.59943,19.83831,6354,301,6,207,8.561477423480461e+18,GALAXY,0.6852108,7604,56947,489
1.2376786614351956e+18,25.5964133800967,4.43611290094627,20.63029,20.51652,20.34336,20.30535,20.11044,7727,301,3,237,9.83940489066082e+18,QSO,0.9811037,8739,57645,602
1.2376789185899402e+18,350.519999604609,11.4271531188812,24.7997,22.12602,20.63161,19.57428,19.18019,7787,301,2,139,6.92213251211974e+18,GALAXY,0.5345333,6148,56209,363
1.23766725507829e+18,155.75445858072,27.4887793657227,23.21898,24.67381,22.78239,21.63114,21.38191,5071,301,5,275,1.1771322145816467e+19,GALAXY,0.6774495,10455,58158,140
1.237667431713342e+18,161.841377953694,26.6559300343579,24.9596,24.7646,23.14149,21.85922,21.78656,5112,301,6,344,1.178725956644165e+19,QSO,3.364204,10469,58133,776
1.2376613607675003e+18,220.910736059078,40.6855682311199,19.56375,18.31328,17.62298,17.2253,17.02592,3699,301,2,198,1.572955614588463e+18,GALAXY,0.169769,1397,53119,267
1.2376551078293015e+18,139.904982455482,50.2832940096826,21.63988,21.10192,21.08749,21.08102,20.79264,2243,301,3,157,8.214604871200168e+18,QSO,2.464014,7296,57046,142
1.2376793174830615e+18,10.0009976919781,9.04051756567607,22.70156,20.66515,19.50264,19.24408,18.71867,7880,301,1,109,5.11394385249202e+18,STAR,-0.0002667821,4542,55833,387
1.237663789035225e+18,133.695224170482,64.1863146847147,19.79069,17.69414,16.64129,16.10356,15.72875,4264,301,5,207,2.112308421775616e+18,GALAXY,0.07020438,1876,54464,437
1.2376672110483868e+18,140.083578443617,21.998384794228,19.48878,18.2241,17.70412,17.43957,17.1971,5061,301,3,176,2.578363076000639e+18,GALAXY,0.03334013,2290,53727,190
1.2376619668904348e+18,176.394320577498,41.8602037945041,21.83961,21.43408,21.08564,20.82047,20.13561,3840,301,3,132,9.436315129593747e+18,QSO,0.7658855,8381,57512,538
1.237678619025146e+18,352.395467551722,2.55642801611857,22.13434,21.54003,21.42633,21.36849,20.84457,7717,301,4,279,1.0331440474557274e+19,QSO,2.291184,9176,58080,665
1.2376793223247951e+18,35.7211114444765,-4.96916923814497,21.04179,21.04532,20.90969,20.59887,20.79681,7881,301,2,260,8.87550399812969e+18,GALAXY,0.7406976,7883,57331,127
1.2376623035178693e+18,240.342156939212,38.1084613673021,23.92369,22.75975,21.24666,20.23751,19.58956,3918,301,6,275,1.2089002667650863e+19,GALAXY,0.5095932,10737,58254,783
1.2376515387255027e+18,241.561031727286,52.8976652715961,18.33429,16.37963,15.57977,15.19231,14.96766,1412,301,3,371,2.4500858118241254e+18,STAR,-0.0004215122,2176,54243,464
1.2376785964805655e+18,1.67290590806545,1.92874232594556,21.0616,20.46177,20.40551,20.27168,20.25531,7712,301,2,340,4.839252032488757e+18,STAR,5.217139e-05,4298,55511,488
1.2376655306341097e+18,203.906990302133,25.3623095491104,24.80869,21.47728,19.93088,19.15835,18.77509,4670,301,1,49,6.754317074016e+18,GALAXY,0.3171367,5999,56089,158
1.2376683486735242e+18,216.463264102445,14.283826425228,23.81287,21.7223,20.42877,19.65456,19.19861,5326,301,2,110,6.148566705146976e+18,GALAXY,0.5640888,5461,56018,99
1.23765932495084e+18,235.886981293128,46.7438581397859,26.97739,21.5364,19.72107,18.90757,18.36355,3225,301,2,165,6.791634773171526e+18,GALAXY,0.4956024,6032,56067,751
1.2376623062011745e+18,242.807620770599,25.7490449763496,25.09383,22.48298,20.87406,19.77557,19.30104,3919,301,3,259,5.322287559711414e+18,GALAXY,0.5391106,4727,55693,577
1.2376802468079214e+18,344.253253332353,19.0969508750957,26.31082,22.52092,20.1996,19.03003,18.3006,8096,301,4,129,6.899654646610288e+18,GALAXY,0.6275572,6128,56236,509
1.237680275259458e+18,358.948905924308,26.2563905838301,23.55372,21.67699,19.95668,19.15467,18.91324,8103,301,1,89,7.337533783468692e+18,GALAXY,0.4205366,6517,56563,160
1.2376802774062863e+18,357.150900943767,27.75659429068,23.45839,22.97869,21.70722,20.55616,19.63456,8103,301,5,79,8.666225157998925e+18,GALAXY,0.6673095,7697,57574,631
1.2376709648466575e+18,135.611441307834,13.015275608965,20.80537,18.72722,17.68161,17.26313,16.9341,5935,301,3,128,2.7393263571870945e+18,GALAXY,0.1312197,2433,53820,43
1.2376709653854295e+18,139.889686851961,14.454780113923,26.31033,21.66161,19.90671,19.00658,18.80095,5935,301,4,157,5.972957105434679e+18,GALAXY,0.4624703,5305,55984,211
1.2376593249561477e+18,247.248948733586,38.0278256451841,19.13134,18.00908,17.56054,17.2422,17.08237,3225,301,2,246,1.3208015838139123e+18,GALAXY,0.07773773,1173,52790,440
1.237668292836524e+18,170.106070474861,18.6238758116841,18.98192,17.79884,17.35323,17.20463,17.13507,5313,301,2,73,3.216717274157181e+18,STAR,0.0001446695,2857,54453,77
1.2376593271017318e+18,245.274443783054,42.3855442939591,22.3891,21.70605,20.54101,19.6912,19.25866,3225,301,6,217,6.805209344113924e+18,GALAXY,0.5694553,6044,56090,983
1.2376529340315082e+18,313.660703277837,-6.9924013149249,20.33898,18.2178,17.09614,16.61899,16.18045,1737,301,2,43,7.161226799161283e+17,GALAXY,0.1058783,636,52176,183
1.2376655376191332e+18,248.767177837672,17.0247175273266,24.65531,21.44749,21.14028,21.15658,21.07586,4671,301,6,136,4.575673254354901e+18,STAR,-0.0002325698,4064,55366,58
1.2376536652516557e+18,133.469797934691,1.95877493646643,16.68413,15.60551,15.3077,15.21537,15.19932,1907,301,4,73,3.251657281061808e+18,STAR,0.0001303759,2888,54529,212
1.2376674483400215e+18,183.780003157521,25.6767979789373,22.6499,21.60402,19.86832,18.97676,18.60337,5116,301,5,95,6.722777307675908e+18,GALAXY,0.497982,5971,56064,105
1.2376637831398687e+18,37.0525000960962,-0.659519833191798,19.6902,18.33124,17.83055,17.66509,17.60479,4263,301,2,363,8.256226877829831e+18,STAR,-3.052294e-05,7333,56686,10
1.2376788595579948e+18,29.4659777034303,11.6982089576936,23.39859,22.61659,21.08871,19.95139,19.65845,7773,301,4,503,5.242264555950987e+18,GALAXY,0.6459902,4656,55828,271
1.2376551244789187e+18,199.43830855546,4.11831032034912,17.8077,16.25673,15.51511,15.10799,14.79133,2247,301,2,258,9.582013337252925e+17,GALAXY,0.04588521,851,52376,220
